2290670608,술이홀로
2290336305,평화로
2290061607,자운서원로
2290159300,사슴벌레로
2290572104,동서로
2290608601,율곡로
2290238800,쇠재안길
2290123000,참매미길
2290594402,대원로
2290231000,
2290061621,자운서원로
2290574301,파주로
2290281905,술이홀로
2290404900,
2290160700,문향로
2290181101,
2290583401,방촌로
2290122901,하늘소로
2290584501,
2290186301,
2290278201,
2290617300,
2290292601,한울로
2290284001,
2290329503,
2290670602,파평산로
2290139300,통일로
2290122700,하늘소로
2290600302,
2290040319,구읍로
2290154807,심학산로
2290018405,평화로
2290458302,가람로
2290236505,문화로
2290281400,구암로
2290572202,율곡로
2290055103,만월로
2290572501,파주로
2290258300,
2290258802,내산길
2290592300,회동길
2290058902,문향로
2290609701,와석순환로172번길
2290298500,심학산로
2290628301,월롱산로
2290275616,월롱산로
2290056700,동산6길
2290074202,
2290239300,쇠재2길
2290145601,파주로
2290125502,새꽃로
2290588203,가재울로
2290100813,운정로
2290462700,설마1터널
2290007002,파주로
2290187200,청석로
2290065000,율곡로
2290157401,장승배기로
2290037104,
2290035217,율곡로
2290136102,엘지로
2290067911,장마루로
2290615302,
2290621802,연풍로
2290256900,대원로
2290295501,한빛로
2290039413,청송로
2290243600,
2290004101,
2290170802,광인사길
2290203200,직지길
2290661702,등원로
2290197900,광탄천로
2290286505,얼음실로
2290138706,사목로
2290645100,
2290140803,
2290023601,엘지로
2290025907,자유로
2290220700,
2290582906,검바위길
2290257003,대원로
2290326508,휴암로
2290335004,서영로
2290612701,
2290459013,와석순환로
2290335001,휴암로
2290038630,감악산로
2290015505,가시내길
2290035401,임진각로
2290602501,금바위로
2290242000,평화로
2290239920,검산로
2290265000,하늘소로
2290000702,
2290351100,술이홀로
2290596801,경의로
2290106001,
2290021101,휴암로
2290574403,파주로
2290037602,율곡로
2290442601,등원로
2290191800,
2290286210,배머리길
2290229100,회동길
2290294702,한빛로
2290019010,방촌로
2290174901,참매미길
2290587102,
2290631301,신촌3로
2290229201,
2290593702,능안사거리
2290035201,율곡로
2290022105,방촌로
2290178100,문발로
2290264401,하늘소로
2290320400,동서대로
2290258602,
2290126100,해바라기길
2290211800,
2290326900,휴암로
2290246701,책향기로
2290703400,
2290662001,휴암로
2290587502,천정구로
2290197402,도감로
2290495301,
2290138725,사목로
2290315301,미래로
2290652808,방촌로
2290094600,
2290495201,
2290023701,
2290688900,
2290664001,
2290176400,필승로
2290263901,
2290015802,정문로
2290696100,심학산로
2290667701,
2290346900,
2290654903,숲속노을로
2290061716,자운서원로
2290018305,얼음실로
2290620401,
2290011609,
2290095801,청송로
2290643801,
2290670809,술이홀로
2290077200,오색나비길
2290658501,
2290130900,
2290654902,숲속노을로
2290286312,배머리길
2290578508,문현말길
2290118100,
2290629100,교하로
2290589903,
2290459801,책향기로
2290591401,
2290023419,자유로
2290689205,여울길
2290275707,월롱산로
2290701300,
2290238902,쇠재안길
2290038550,청송로
2290042325,어삼로
2290175200,참매미길
2290220306,만장산로
2290607301,적성산단2로
2290032501,오현로
2290146700,
2290039511,청송로
2290159101,사슴벌레로
2290038041,청송로
2290017608,
2290278402,
2290145701,
2290026607,사임당로
2290668602,통일로
2290035504,임진각로
2290064201,율곡로
2290022925,파주로
2290610101,
2290138700,사목로
2290572103,율곡로
2290640100,회동길
2290244500,필승로
2290451901,교하로
2290331402,방촌로
2290095901,
2290076800,법흥로
2290223901,
2290292900,동패로
2290268101,자유로
2290011709,보광로
2290267601,
2290018921,방촌로
2290113300,동산7길
2290019102,통일로
2290623301,
2290578503,문현말길
2290305900,미래로
2290100002,법흥로
2290032703,장승배기로
2290105400,동산2길
2290001917,자유로
2290639201,
2290600202,
2290284202,
2290692200,감악산로
2290040219,구읍로
2290698500,노을빛로
2290351702,
2290133802,금정4길
2290138812,반구정로
2290589405,동패로
2290099002,고추잠자리길
2290126001,해바라기길
2290586801,아동로
2290169600,파주로
2290184401,필승로
2290043200,금정3길
2290144002,
2290493302,
2290117102,교하로
2290016201,평화로
2290061637,자운서원로
2290154101,교하로
2290024302,호명교
2290600101,가람로
2290096000,율곡로
2290067600,장마루로
2290167304,경의로
2290305100,가람로
2290138609,하동로
2290103701,한마음2길
2290691600,보광로
2290675100,
2290601002,
2290062602,
2290250100,책향기로
2290138716,사목로
2290285508,해마루길
2290588208,가재울로
2290326500,휴암로
2290192100,뇌조로
2290146100,
2290008707,교하로
2290033705,자유로
2290237502,
2290574905,화합로
2290706000,
2290134203,
2290208000,책향기숲길
2290259602,문발로
2290018127,송화로
2290235701,아동로
2290207801,
2290335901,당동1로
2290018103,
2290012507,혜음로
2290598500,
2290234900,
2290003703,고봉로
2290219501,보광로
2290402901,
2290179402,
2290008706,
2290676500,
2290643700,회동길
2290302201,심학산로
2290206700,
2290038705,설마천로
2290113302,동산7길
2290307700,와석순환로
2290699400,노을빛로
2290118200,
2290079900,술이홀로
2290295103,
2290259201,
2290278101,
2290179301,
2290405804,책향기로
2290193400,
2290624400,
2290676800,
2290442801,파주로
2290270703,
2290018010,쇠장이길
2290619100,
2290313900,금바위로
2290065702,율곡로
2290308103,와석순환로
2290656701,청석로
2290591201,직지길
2290103201,
2290073000,가나무로
2290190403,
2290308602,
2290035216,율곡로
2290217901,풍뎅이길
2290006800,명봉산로
2290673602,서영로
2290106500,시청로
2290090203,자장로17번길
2290127400,고산교
2290266402,헤이리로
2290022611,정문로
2290582202,연풍로
2290648307,해음로579번길
2290653902,방촌로
2290211300,책향기숲길
2290625500,
2290130501,
2290405400,남북로
2290066100,파평산로
2290203100,광인사길
2290330102,당동1로, 방촌로
2290018231,월롱산로
2290374003,미리내로
2290678700,
2290162302,문향로
2290285804,구암로
2290014905,평화로
2290183805,약산로
2290138810,사목로
2290202301,중앙로
2290311700,
2290404902,
2290145100,송비말길
2290013701,기산로
2290327503,서영로
2290706300,
2290260800,자유로
2290152201,장승배기로
2290070000,책향기로
2290044400,
2290221201,부흥로
2290194901,안개초길
2290617600,
2290133404,금정로
2290154006,교하로
2290147001,숲속노을로
2290572114,율곡로
2290336301,평화로
2290258704,
2290087500,쇠재안길
2290037511,만월로
2290178400,문발로
2290031508,
2290326807,월롱산단길
2290102601,천정구로
2290180500,광인사길
2290128607,홀작로
2290296600,동서대로
2290097101,솥뒤로
2290055106,만월로
2290267300,
2290055206,만월로
2290028400,우계로
2290159401,필승로
2290407001,금월로
2290622200,
2290084100,쇠재개울길
2290012304,
2290005000,고봉로
2290133500,중앙로
2290138508,당동1로
2290129901,한산로
2290233201,
2290695000,교하로
2290234000,
2290692900,감악산로
2290491001,우계로
2290038710,설마천로
2290316801,와석순환로
2290002403,고봉로
2290320401,동서대로
2290007408,장곡로
2290601000,
2290347901,기곡길
2290322900,통일로
2290005502,통일로
2290674802,정문로
2290187601,
2290278501,
2290578201,
2290038463,
2290038141,청송로
2290131000,
2290458202,
2290104701,
2290633001,
2290175401,참매미길
2290034107,통일로
2290281906,술이홀로
2290272803,헤이리로
2290253701,쇠재개울길
2290084000,쇠재1길
2290237901,동산3길
2290670903,술이홀로
2290152300,장승배기로
2290262003,마음밭길
2290312200,한울로
2290334100,당동1로
2290259303,문발로
2290125701,새꽃로
2290164702,소라지로
2290336100,당동2로
2290670708,술이홀로
2290037001,율곡로
2290253902,쇠재안길
2290023104,방촌로
2290313702,금바위로
2290111001,방촌로
2290223600,책향기숲길
2290648306,혜음로
2290092200,율곡로
2290015004,평화로
2290223201,
2290603803,가재울로
2290459011,
2290186601,
2290243100,
2290066701,청송로208번길
2290264101,월롱산로
2290617900,만장산로
2290154603,교하로
2290038504,청송로
2290084600,
2290018402,평화로
2290023003,혜음로
2290635301,
2290641400,
2290241401,검산로
2290646501,교하로
2290158701,하늘소로
2290061706,자운서원로
2290209701,만장산로
2290305601,책향기로
2290007304,장곡로
2290305300,책향기로
2290021501,방촌로
2290156703,
2290640800,
2290326202,심학산로
2290013926,등원로
2290119700,후곡로
2290614300,
2290190603,송비말길
2290032601,사임당로
2290134001,중앙로
2290018135,
2290253500,쇠재2길
2290651701,
2290112401,새꽃로
2290299601,미래로
2290012621,혜음로
2290064608,율곡로
2290199506,장지산로
2290661802,휴암로
2290586800,천수골길
2290015510,평화로
2290163601,문발로
2290132701,새꽃로
2290594600,
2290092001,
2290156708,봉서산로
2290083200,
2290212001,책향기숲길
2290579201,월롱산단3길
2290020711,혜음로
2290110401,문산로
2290606501,
2290226300,술이홀로
2290074402,동산3길
2290316201,미래로
2290233400,노을빛로
2290023102,방촌로
2290297801,가람로
2290012504,혜음로
2290009801,
2290285202,
2290068806,유채꽃길
2290110200,문산로40번길
2290622301,
2290011506,등원로
2290463600,율곡로
2290138807,사목로
2290492902,
2290290102,운정역길
2290145301,청석로
2290128800,
2290218102,책향기숲길
2290609900,
2290078000,고추잠자리길
2290192700,방촌로
2290023209,방촌로
2290019021,방촌로
2290265102,하늘소로
2290336203,
2290138822,사목로
2290018306,평화로
2290295601,한빛로
2290214701,노을빛로
2290179200,문발로
2290099701,오색나비길
2290045501,
2290580102,
2290092003,
2290403700,
2290270803,휴암로
2290260701,자유로
2290620500,
2290023320,자유로
2290265401,필승로
2290595300,
2290026708,사임당로
2290003801,고봉로
2290132301,한산로
2290286002,
2290067909,장마루로
2290037402,만월로
2290083800,쇠재안길
2290348001,파주로
2290249601,회동길
2290230302,
2290125602,새꽃로
2290192505,등원로
2290025313,
2290173203,청석로
2290576000,파주로
2290572003,동서로
2290105102,동산2길
2290259204,
2290038443,청송로
2290203800,
2290144201,
2290593200,유채꽃길
2290407600,금월로
2290610100,한울로
2290691400,수도권제2순환고속도로
2290237600,새꽃로
2290305301,책향기로
2290208501,보광로
2290061201,파주로
2290291102,통일로
2290347500,파주로
2290293401,한울로
2290225004,
2290636101,
2290123301,하늘소로
2290647003,통일로
2290225405,파발로
2290269801,
2290574500,화합로
2290313600,금바위로
2290034600,통일로
2290176802,광인사길
2290303700,동패로
2290645601,
2290181800,
2290674815,정문로
2290181901,
2290257900,능안로
2290266304,필승로
2290325301,솥뒤로
2290009702,금릉역로
2290293404,한울로
2290571902,율곡로
2290648502,장지산로
2290072301,후곡로
2290225003,
2290459400,소리천로
2290192000,뇌조로
2290112300,새꽃로
2290218201,
2290186000,
2290606301,
2290029809,
2290705700,
2290243101,
2290235504,
2290274503,
2290308601,
2290192601,뇌조로
2290219101,동거리길
2290028000,만월로
2290320900,
2290230201,
2290245602,유채꽃길
2290015707,정문로
2290130700,
2290151708,장승배기로
2290016004,자유로
2290057601,동산7길
2290286208,배머리길
2290214801,노을빛로
2290615802,우계로
2290661604,파주로
2290204401,광인사길
2290040001,감악산로
2290235202,
2290298701,책향기로
2290661201,부흥로
2290613402,
2290344800,파주로
2290199606,장지산로
2290318002,미래로
2290061735,자운서원로
2290216500,하늘소로
2290664402,통일로
2290105501,동산2길
2290373800,미리내로
2290172902,교하로
2290005100,명봉산로
2290279501,
2290027704,사임당로
2290670302,파평산로
2290126801,한산로
2290572002,동서로
2290581900,연풍로
2290585001,평화로
2290011810,보광로
2290152800,교하로
2290297201,
2290459802,책향기로
2290585302,
2290110801,문산로40번길
2290662104,휴암로
2290660404,부흥로
2290024802,우계로
2290067402,
2290306202,미래로
2290285503,구암로
2290668801,통일로
2290048101,
2290269101,
2290266612,새오리로
2290160901,문향로39번길
2290285506,구암로
2290117103,교하로
2290125001,금빛로
2290460107,가람로150번길
2290013802,중산교
2290571911,동서로
2290115902,충의로
2290189701,
2290587901,미래로
2290032901,율곡로
2290247601,회동길
2290160200,풍뎅이길
2290016602,통일로
2290667901,통일로
2290078101,고추잠자리길
2290198108,광탄천로
2290013100,평화로
2290638300,문발로
2290148505,교하로
2290689600,
2290206701,
2290170702,
2290333901,당동1로
2290224001,책향기숲길
2290662002,
2290099101,고추잠자리길
2290350901,청송로
2290589801,
2290169300,파주로
2290170201,
2290266732,새오리로
2290660401,새산수길
2290020402,자유로
2290256901,문원길
2290261600,마음밭길
2290580203,
2290138617,당동1로
2290306001,가온로
2290164825,소라지로
2290128702,도감로
2290279700,월롱산로
2290235900,마무리길
2290012606,혜음로
2290163500,
2290671802,감악산로
2290281805,술이홀로
2290031513,술이홀로
2290197307,도감로
2290241601,평화로
2290645101,
2290584300,성동로
2290049611,지목로
2290038031,금파교
2290493000,우계로
2290093900,쇠재1길
2290208502,보광로
2290601600,
2290030601,자유로
2290137203,파주로
2290670805,술이홀로
2290576800,적성산단1로
2290574900,화합로
2290143502,
2290275715,월롱산로
2290228201,문발로
2290247800,회동길
2290236701,중앙로
2290206702,
2290031412,술이홀로
2290031516,술이홀로
2290010301,
2290283901,금곡교
2290144701,금정5길
2290495501,
2290021712,통일로
2290038604,설마천로
2180375301,혜음령터널
2290237301,
2290038042,청송로
2290572121,율곡로
2290582102,연풍로
2290133101,새꽃로
2290572111,율곡로
2290669602,
2290026710,사임당로
2290656201,숲속노을로
2290029401,문산역로
2290103501,한마음2길
2290221700,숲속노을로
2290595000,
2290125800,해바라기길
2290130200,
2290616500,
2290600000,운정역길
2290409003,금월로
2290192300,뇌조로
2290671801,감악산로
2290574100,화합로
2290037606,율곡로
2290021307,
2290653801,
2290616000,
2290249901,
2290643300,
2290222301,숲속노을로
2290670812,술이홀로
2290027608,사임당로
2290492702,
2290690800,수도권제2순환고속도로
2290589301,동패로
2290628700,
2290278000,
2290305501,미래로
2290135600,한산로
2290008704,경의로
2290154004,숲속노을로
2290700300,심학산로
2290670904,술이홀로
2290188501,
2290291302,
2290192101,
2290495700,
2290305500,미래로
2290690700,수도권제2순환고속도로
2290276700,
2290186501,
2290023402,자유로
2290605801,
2290128604,홀작로
2290603103,
2290025208,사임당로
2290013710,기산로
2290247000,책향기로
2290228801,
2290250900,책향기로
2290190300,
2290194400,아리랑로
2290210600,
2290181701,
2290322200,통일로
2290080102,엘지로
2290207300,
2290183808,약산로
2290188601,청석로
2290284300,
2290208900,심궁로
2290195500,
2290104402,
2290027003,우계로
2290581101,사임당로907번길
2290294502,한빛로
2290302701,
2290590103,신촌로
2290582300,
2290152501,장승배기로
2290199001,장지산로
2290292400,동패로
2290688200,
2290057102,동산2길
2290013917,등원로
2290129702,동거리길
2290090102,자장로17번길
2290060800,통일로
2290458701,심학산로
2290639301,회동길
2290138902,마정로
2290459302,와석순환로
2290463800,율곡로
2290023115,방촌로
2290243601,
2290701100,심학산로
2290686602,
2290023412,자유로
2290148508,교하로
2290022928,혜음로
2290183909,약산로
2290705600,물향기2로
2290608516,
2290242502,
2290402802,남북로
2290240400,검산로
2290637601,문발로
2290158700,하늘소로
2290183201,약산로
2290025906,자유로
2290656202,숲속노을로
2290318700,경의로
2290217001,필승로
2290063901,장마루로
2290143001,경의로
2290118502,방촌로
2290260400,자유로
2290156300,술이홀로
2290050000,
2290270304,엘지로
2290674910,정문로
2290442100,파주로
2290120600,금빛로
2290348501,
2290600300,
2290027703,사임당로
2290674809,정문로
2290137904,충의로124번길
2290203000,문발로
2290658401,
2290638101,문발로
2290268303,웅지로
2290327601,휴암로
2290044804,초리골길
2290494400,
2290046401,
2290192502,
2290234504,새꽃로
2290613700,
2290055108,만월로
2290026110,화합로
2290138806,사목로
2290629200,교하로
2290236300,중앙로
2290128802,
2290187802,
2290589303,동패로
2290627001,헤이리로
2290459403,소리천로
2290637101,
2290128504,홀작로
2290268701,엘씨디로
2290197403,
2290585602,만장산로
2290629302,
2290238001,동산7길
2290026003,화합로
2290042801,금정3길
2290326406,옥돌내길
2290014028,등원로
2290029104,사임당로
2290165200,파주로
2290253200,쇠재2길
2290198301,명봉산로352번길
2290031901,통일로
2290216100,유채꽃길
2290190201,
2290103003,
2290249100,회동길
2290013905,등원로
2290595302,
2290062702,시청로
2290634602,
2290682000,
2290286205,배머리길
2290661601,파주로
2290038631,
2290037703,율곡로
2290628600,
2290112000,가나무로
2290270504,엘씨디로
2290051901,새꽃로
2290010302,
2290583500,
2290590000,
2290288000,산남로
2290010501,금빛로
2290026105,
2290161400,문향로17번길
2290032900,율곡로
2290119801,
2290035501,임진각로
2290100904,
2290294600,한빛로
2290017504,등원로
2290042202,어삼로
2290572116,율곡로
2290626600,
2290603001,
2290594401,
2290576001,파주로
2290577900,
2290010303,
2290266201,필승로
2290012204,통일로
2290217500,참매미길
2290061609,자운서원로
2290051201,새꽃로
2290310002,교하로
2290621801,술이홀로
2290013303,평화로
2290118300,교하로
2290229401,
2290603301,가람로
2290215100,유채꽃길
2290670102,금곡교
2290016507,통일로
2290168500,명동길
2290037414,만월로
2290594700,
2290459003,
2290241000,검산로
2290229701,
2290030100,자유로
2290252001,숲속노을로
2290007904,명봉산로
2290256101,숲속노을로
2290023210,방촌로
2290169000,
2290138001,충의로
2290173600,
2290331100,
2290008803,경의로
2290334800,경의로
2290328502,개포래로
2290315800,해솔로
2290209700,만장산로
2290146900,숲속노을로
2290040218,구읍로
2290053900,
2290197205,도감로
2290328804,문향로39번길
2290239911,검산로
2290154914,심학산로
2290156001,술이홀로
2290095701,율곡로
2290593101,유채꽃길
2290179700,회동길
2290655703,노을빛로
2290283501,자운서원로
2290012402,
2290648303,해음로579번길
2290158000,사슴벌레로
2290238600,쇠재안길
2290173000,청석로
2290075901,번영로
2290038541,청송로
2290028401,
2290687000,주라위길
2290460301,
2290038714,설마천로
2290298800,책향기로
2290013915,등원로
2290654301,방촌로
2290583006,검바위길
2290054401,
2290029605,사임당로
2290199612,장지산로
2290171400,쇠재안길
2290169902,파주로
2290229800,
2290189000,
2290695300,교하로
2290067602,장마루로
2290076901,오색나비길
2290669803,술이홀로
2290144900,봉천로
2290274804,엘씨디로
2290313803,금바위로
2290256501,숲속노을로
2290313302,가온로
2290682400,
2290470901,교하로
2290061729,자운서원로
2290067410,장마루로
2290332900,당동2로
2290091700,율곡로
2290148000,방촌로
2290240304,검산로
2290117600,청석교
2290346500,파주로
2290008809,경의로
2290261000,방촌로649번길
2290095600,율곡로
2290199403,장지산로
2290600400,
2290270406,엘지로
2290056100,동산8길
2290167403,시청로
2290014022,뇌조로
2290109702,봉미로
2290156605,봉서산로
2290140504,율곡로
2290138513,당동1로
2290146801,파주로
2290115907,충의로
2290141800,책향기숲길
2290018913,방촌로
2290698100,
2290253402,쇠재안길
2290202000,중앙로
2290613201,
2290688300,
2290117907,
2290320101,동서대로
2290070600,교하로
2290270308,엘지로
2290005202,명봉산로
2290174101,풍뎅이길
2290668403,통일로
2290155800,문산역로
2290582803,
2290312801,가온로
2290126102,해바라기길
2290017301,혜음로
2290039001,청송로
2290086601,쇠재로
2290308002,와석순환로
2290034110,통일로
2290261900,정담길
2290107102,문화로
2290271900,방촌로
2290335900,당동1로
2290141102,율곡로
2290026009,화합로
2290009201,금릉역로
2290119306,
2290453000,책향기로
2290328102,서영로
2290145401,청석로
2290011701,기산로
2290126900,
2290629201,경의로
2290013924,등원로
2290587500,
2290374000,
2290303001,경의로
2290213001,책향기숲길
2290048100,
2290110201,문산로
2290049100,시청로
2290582804,
2290257700,능안로
2290577700,
2290326505,휴암로
2290093400,쇠재개울길
2290067503,장마루로
2290048800,
2290245301,유채꽃길
2290256201,노을빛로
2290168801,
2290016701,평화로
2290120801,금빛로
2290203600,
2290159500,풍뎅이길
2290213700,안개초길
2290064504,율곡로
2290588201,
2290038111,청송로
2290608900,
2290014009,등원로
2290673001,청석로
2290317900,미래로
2290013814,기산로
2290578509,문현말길
2290628602,
2290011302,
2290049609,지목로
2290256300,숲속노을로
2290308102,와석순환로
2290373101,책향기로
2290011608,
2290672203,감악산로
2290255600,문원길
2290650201,
2290586100,
2290017400,혜음로
2290317101,와석순환로
2290406905,금월로
2290164504,문발들길
2290131702,한산로
2290572210,율곡로
2290267501,
2290021405,부흥로
2290578400,
2290081901,
2290620801,
2290629303,
2290023113,
2290251600,숲속노을로
2290284301,
2290609501,와석순환로172번길
2290060401,통일로
2290086600,쇠재로
2290067401,장마루로
2290071000,교하로
2290245601,유채꽃길
2290198403,명봉산로262번길
2290026709,사임당로
2290306300,
2290269401,엘씨디로
2290163800,교하로
2290617700,혜음로
2290652803,방촌로
2290575202,파주로
2290065300,
2290616800,
2290696500,노을빛로
2290129801,한산로
2290150200,동거리길
2290218001,풍뎅이길
2290662401,방촌로
2290119600,후곡로
2290288100,산남로
2290152101,
2290603802,
2290617500,
2290009600,기곡길
2290691601,
2290703500,운정지하차도
2290404500,
2290038635,설마천로
2290177201,직지길
2290470900,숲속노을로
2290273901,청석로
2290636202,
2290702000,운정중앙로
2290032510,오현로
2290110102,문향로
2290038554,청송로
2290280100,
2290583701,
2290279100,
2290039406,
2290335501,당동1로
2290124901,금빛로
2290026102,화합로
2290612801,
2290025905,자유로
2290038537,청송로
2290572005,동서로
2290622700,
2290011401,
2290262103,마음밭길
2290629603,
2290451600,교하로
2290250600,책향기숲길
2380281501,어유터널
2290587504,천정구로
2290190800,
2290301800,심학산로
2290126600,해바라기길
2290231901,
2290018133,산들로
2290245901,유채꽃길
2290583000,
2290617202,
2290157701,참매미길
2290252901,평화로
2290061701,
2290017602,등원로
2290583403,오금로
2290237200,
2290264102,월롱산로
2290604500,교하로329번길
2290055300,파평산로
2290164604,문발들길
2290255300,대원로
2290258800,내산길
2290022102,방촌로
2290154103,숲속노을로
2290661606,파주로
2290284302,
2290237400,
2290593502,
2290289400,운정역길
2290579600,월롱산단길
2290029001,사임당로
2290126400,해바라기길
2290034001,통일로
2290215701,유채꽃길
2290642800,
2290151705,장승배기로
2290290500,통일로
2290647900,율곡로
2290596501,문화로
2290104100,
2290042323,
2290107506,금정로
2290072900,가나무로
2290073201,후곡로
2290119201,문화로
2290136701,엘지로
2290345800,파주로
2290491301,우계로
2290259301,문발로
2290193203,
2290230300,
2290013714,기산로
2290238801,쇠재2길
2290455101,해솔로
2290222901,
2290260202,자유로
2290011806,보광로
2290200300,
2290079501,보광로
2290660901,부흥로
2290668002,통일로
2290259501,문발로
2290053300,화합로
2290459603,
2290179508,
2290143500,경의로
2290074900,
2290206502,
2290126200,해바라기길
2290194700,안개초길
2290086801,금릉역로
2290622204,
2290208804,보광로
2290242402,
2290210803,
2290126500,해바라기길
2290277401,교하로
2290280500,
2290151808,장승배기로
2290244900,유채꽃길
2290015612,평화로
2290661401,부흥로
2290058201,동산6길
2290042322,동서로
2290140800,
2290636000,
2290068100,율곡로
2290639701,회동길
2290143900,
2290576500,적성산단로
2290062701,
2290610400,
2290303201,
2290656102,청석로
2290293402,한울로
2290124201,참매미길
2290018903,방촌로
2290024215,통일로
2290653501,수원문산고속도로
2290671304,술이홀로
2290193001,우계로
2290204501,
2290024210,통일로
2290317002,가온로
2290049607,
2290588001,
2290608502,
2290622600,
2290079800,술이홀로
2290224300,
2290120901,금빛로
2290147100,경의로
2290579701,월롱산단길
2290190502,
2290071303,문화로
2290405100,남북로
2290183809,약산로
2290621003,
2290643500,문발로
2290651101,수원문산고속도로
2290318000,미래로
2290181000,
2290109200,문산역로
2290263701,
2290609601,와석순환로172번길
2290253800,쇠재2길
2290331700,방촌로
2290048602,문현말길
2290306700,와석순환로
2290604302,책향기숲길
2290316800,와석순환로
2290015103,기산로
2290017603,등원로
2290049616,지목로
2290223900,책향기숲길
2290620001,
2290663001,파주로
2290351101,술이홀로
2290242102,
2290038738,설마천로
2290648402,혜음로
2290580800,
2290662601,파주로
2290324302,솥뒤로
2290208504,보광로
2290573702,화합로
2290173500,
2290586902,
2290287100,파주로
2290148100,방촌로
2290225804,오봉골길
2290661202,부흥로
2290001101,통일로
2290026010,화합로
2290107701,금정로
2290599800,
2290335600,당동1로
2290638100,문발로
2290131501,한산로
2290670817,술이홀로
2290240010,검산로
2290100200,오색나비길
2290091400,적성IC교
2290084200,쇠재1길
2290645501,심학산로
2290162600,문향로17번길
2290247500,회동길
2290153700,교하로
2290079611,파평산로
2290170801,문발로
2290443000,등원로
2290580502,사임당로
2290160801,문향로
2290212701,
2290199002,
2290021201,통일로
2290443103,
2290263501,
2290161300,문향로17번길
2290154808,회동길
2290348900,
2380245502,장남로
2290696000,심학산로
2290122702,하늘소로
2290459402,소리천로
2290615900,
2290614201,
2290038723,설마천로
2290100400,오색나비길
2290118801,
2290015800,정문로
2290107504,금정로
2290606101,교하로
2290492101,
2290639801,회동길
2290024117,통일로
2290199500,장지산로
2290351804,파발로
2290646401,교하로
2290238302,쇠재안길
2290576100,적성산단2로
2290018928,방촌로
2290001908,자유로
2290662901,파주로
2290196201,
2290266508,헤이리로
2290471100,율곡로
2290455002,해솔로
2290087700,쇠재2길
2290268402,웅지로
2290164603,문예로
2290637401,문발로
2290463700,율곡로
2290033610,자유로
2290591500,
2290452703,산내로
2290160800,문향로
2290658201,
2290460501,
2290596000,문발로
2290655101,숲속노을로
2290032401,만월로
2290219600,보광로
2290492302,
2290229001,문발로
2290590700,
2290226301,정문로
2290263201,
2290329200,
2290663803,파주로
2290222201,책향기로
2290148506,교하로
2290616400,
2290459005,
2290402900,남북로
2290459800,
2290625501,검산로
2290496301,
2290136801,엘지로
2290056600,동산6길
2290670310,파평산로
2290236000,마무리길
2290229602,책향기숲길
2290038546,청송로
2290045701,
2290133501,
2290158500,하늘소로
2290615600,
2290091900,율곡로
2290077701,고추잠자리길
2290000802,혜음로
2290583600,
2290275618,월롱산로
2290629700,신촌로
2290012604,혜음로
2290664503,
2290276401,엘지로
2290061709,자운서원로
2290179701,회동길
2290211301,책향기숲길
2290593900,
2290050203,동산3길
2290171201,금정로
2290599002,
2290022510,정문로
2290223601,숲속노을로
2290615800,
2290701900,
2290622400,
2290213600,안개초길
2290009303,보광로
2290074200,동산1길
2290071501,
2290064602,율곡로
2290647004,통일로
2290141201,
2290615202,
2290011000,경의로
2290086500,새꽃로
2290261901,마음밭길
2290038815,통일로
2290238202,쇠재안길
2290113000,동산7길
2290060101,통일로
2290141000,하우고개길
2290012618,
2290648304,혜음로
2290266641,새오리로
2290128910,보광로
2290294900,한빛로
2290105601,동산8길
2290580301,사임당로
2290133301,금정로
2290626601,
2290025805,자유로
2290671201,술이홀로
2290027502,통일로
2290105101,동산2길
2290117400,교하로
2290215900,유채꽃길
2290241502,평화로
2290083600,쇠재안길
2290646700,혜음로
2290326407,휴암로
2290038528,청송로
2290174000,개포래로
2290080005,엘지로
2290686600,
2290093801,쇠재로
2290312701,가온로
2290061300,문향로17번길
2290463901,율곡로
2290275400,엘지로
2290117702,교하로
2290315701,
2290124001,하늘소로
2290042601,금정3길
2290001906,자유로
2290192604,뇌조로
2290215600,유채꽃길
2290105900,동산8길
2290193704,방촌로
2290015603,평화로
2290063502,
2290233801,안개초길
2290096500,율곡로
2290023022,
2290634801,
2290059700,
2290025610,방촌로
2290034602,통일로
2290053204,술이홀로
2290208300,
2290289101,운정역길
2290100906,운정로
2290170601,직지길
2290274403,엘씨디로
2290296902,와석순환로
2290078201,참매미길
2380000106,양연로
2290620501,
2290259402,문발로
2290005701,파주로
2290491000,
2290143700,경의로
2290014301,통일로
2290013907,등원로
2290346200,파주로
2290088802,학령로
2290616902,
2290234501,
2290612001,
2290260301,자유로
2290404804,남북로
2290012613,심궁로
2290033002,율곡로
2290254901,파주로
2290235601,
2290706100,
2290625011,웅지로
2290231401,
2290180800,문발로
2290326806,월롱산단길
2290186500,
2290292501,
2290292901,동패로
2290644800,
2290035101,통일로
2290225101,술이홀로
2290079707,파평산로
2290351201,술이홀로
2290661004,보광로
2290192801,충현로
2290177700,문발로
2290571904,동서로
2290024303,
2290609700,와석순환로172번길
2290279801,물향기2로
2290660801,부흥로
2290155500,
2290067408,장마루로
2290670901,술이홀로
2290082202,쇠재개울길
2290056301,
2290266742,새오리로
2290585301,통일로
2290042900,금정3길
2290574306,파주로
2290284803,
2290286306,배머리길
2290646701,혜음로
2290079401,술이홀로
2290054901,
2290022610,정문로
2350023008,감악산로
2290038718,설마천로
2290008101,내산길
2290082001,쇠재안길
2290199610,장지산로
2290292100,동패로
2290056201,동산8길
2290270408,엘지로
2290274903,엘씨디로
2290064300,
2290120001,후곡로
2290451700,교하로
2290066901,청송로208번길
2290235302,아동로
2290609200,
2290169500,파주로
2290171401,쇠재안길
2290580801,
2290459506,
2290016401,혜음로
2290240016,검산로
2290635802,
2290220902,
2290672301,감악산로
2290644702,
2290025407,
2290618100,월롱산단2길
2290115100,임진나루길
2290286000,
2290015901,자유로
2290240007,
2290406907,금월로
2290324800,솥뒤로
2290579100,월롱산단길
2290195401,
2290205301,
2290100000,오색나비길
2290227102,광인사길
2290144202,금정5길
2290109901,문향로
2290267000,월롱산로
2290134802,
2290053703,법원로
2290601800,한울로
2290463900,장마루로
2290276900,청석로
2290023023,혜음로
2290022003,광탄교
2290280000,
2290631001,신촌3로
2290176401,필승로
2190222900,송파로
2290579400,월롱산단3길
2290294401,한빛로
2290270301,엘지로
2290192902,충현로
2290317000,가온로
2290572221,율곡로
2290166202,
2290303701,동패로
2290581203,사임당로907번길
2290200001,
2290272808,헤이리로
2290492500,
2290191802,
2290058701,문향로
2290107605,금정로
2290142801,경의로
2290210502,
2290661002,보광로
2290654701,심학산로
2290578203,
2290701700,
2290044301,쇠장이길
2290635501,
2290199620,장지산로
2290015805,정문로
2290586102,
2290021301,부흥로
2290242602,
2290039306,청송로
2290643000,
2290674907,정문로
2290585303,
2290667401,통일로
2290283401,자운서원로
2290652101,
2290624301,
2290157200,
2290083201,쇠재로
2290134905,
2290669501,
2290638500,회동길
2290458407,
2290293800,교하로
2290248001,회동길
2290169700,파주로
2290140601,율곡로
2290704100,
2290652702,수원문산고속도로
2290198102,광탄천로
2290577401,
2290623101,
2290618202,월롱산단3길
2290072400,쇠재로
2290176100,필승로
2290249801,
2290587900,미래로
2290670816,술이홀로
2290045000,
2290225308,
2290617000,
2290218902,
2290462200,감악산로
2290023206,오금교
2290117912,교하로
2290151803,장승배기로
2290007203,
2290035603,임진각로
2290130601,
2290302901,경의로
2290317400,가온로
2290620802,
2290168400,아동로
2290594305,대원로
2290002006,자유로
2290404200,책향기로
2290035000,통일로
2290201900,중앙로
2290129600,
2290579801,월롱산단3길
2290069303,유채꽃길
2290689207,여울길
2290024006,우계로
2290172600,
2290281600,엘씨디로
2290459705,
2290689102,여울길
2290121400,새꽃로
2290331504,당동1로, 방촌로
2290190100,
2290231100,
2290018234,산들로
2290155100,파평산로
2290017904,쇠장이길
2290334200,당동1로
2290578511,문현말길
2290657901,청석로
2290123800,
2290630500,신촌1로
2290643202,
2290587001,
2290656604,청석로
2290211901,책향기로
2290657801,심학산로
2290635100,문발로
2290119100,
2290602700,
2290117000,교하로
2290636500,
2290280801,
2290265400,풍뎅이길
2290055700,한마음2길
2290614100,
2290090405,자장로
2290039304,
2290665703,통일로
2290069201,유채꽃길
2290316601,가온로
2290011700,보광로
2290032406,오현로
2290303003,경의로
2290260700,자유로
2290306702,와석순환로
2290314500,
2290328300,개포래로
2290270501,엘씨디로
2290088800,학령로
2290079300,쇠장이길
2290291901,동서대로
2290014029,등원로
2290591300,심학산로
2290070401,
2290019027,방촌로
2290240301,검산로
2290023422,자유로
2290298400,심학산로
2290128507,홀작로
2290025904,자유로
2290588204,가재울로
2290136702,엘지로
2290323202,솥뒤로
2290652701,수원문산고속도로
2290300700,
2290491502,
2290022602,주월교
2290584301,성동로
2290031414,술이홀로
2290573104,보광로
2290143801,경의로
2290632001,문발로
2290572012,동서로
2290587902,미래로
2290608612,
2290611900,
2290099501,오색나비길
2290177400,문발로
2290179901,회동길
2290134903,
2290020403,자유로
2290012801,
2290110302,문향로17번길
2290235000,
2290681800,
2290005501,통일로
2290198601,명봉산로
2290142401,고봉로
2290198300,명봉산로352번길
2290661701,파주로
2290620700,
2290102600,천정구로
2290576600,적성산단로
2290220401,만장산로
2290335802,당동1로
2290293502,한울로
2290604600,교하로329번길
2290011509,정문로
2290230901,
2290281802,
2290105500,동산2길
2290037406,만월로
2290603901,
2290683100,
2290164401,문발들길
2290665901,
2290023026,파주로
2290633901,문발로
2290033601,자유로
2290281903,술이홀로
2290460302,
2290583005,검바위길
2290025708,방촌로
2290350800,술이홀로
2290266603,새오리로
2290610200,한울로
2290244404,필승로
2290027710,사임당로
2290066300,파평산로
2290633601,재두루미길
2290328702,문산로26번길
2290348003,
2290300200,책향기로
2290225203,술이홀로
2290247200,책향기로
2190223801,청석로
2290631701,신촌3로
2290108000,시청로
2290166900,경의로
2290007102,
2290183908,약산로
2290611700,
2290574700,
2290693000,
2290639900,회동길
2290258500,고봉로
2290644900,
2290032412,오현로
2290242802,성동로
2290132401,한산로
2290262301,
2290295900,한빛로
2290334501,평화로
2290695800,교하로
2290190500,
2290643002,
2290041201,율곡로
2290083000,
2290314101,
2290128503,홀작로
2290190703,
2290572804,
2290127301,봉천로
2290670815,술이홀로
2290112100,가나무로
2290264601,사슴벌레로
2290621305,오봉골길
2290032511,오현로
2290172301,필승로
2290038912,통일로
2290102801,천정구로
2290022511,정문로
2290191801,뇌조로
2290238601,쇠재안길
2290105301,동산6길
2290211601,청석로
2290129500,보광로
2290054301,
2290002904,명봉산로
2290211000,
2290674918,정문로
2290596103,도감로
2290277703,산업단지길
2290117908,교하로
2290024209,통일로
2290630202,신촌1로
2290584901,평화로
2290244603,필승로
2290642100,
2290023322,자유로
2290324404,솥뒤로
2290302100,경의로
2290069801,책향기로
2290348100,등원로
2290687500,
2290290101,운정역길
2290325900,경의로
2290181001,문발로
2290023032,혜음로
2290277602,교하로
2290279502,책향기숲길
2290462100,감악산로
2290124600,금빛로
2290013001,평화로
2290704900,
2290060400,
2290692600,감악산로
2290579101,월롱산단길
2290112800,평화로
2290143601,경의로
2290589400,동패로
2290610300,
2290040214,구읍로
2290146301,
2290573901,파주로
2290704700,
2290625602,
2290628901,
2290043000,
2290112600,금정로
2290170202,직지길
2290372900,책향기로
2290197911,광탄천로
2290291700,동서대로
2290184800,
2290080101,엘지로
2290250300,책향기로
2290084601,율곡로
2290318400,
2290586701,아동로
2290212900,책향기숲길
2290593800,
2290296800,
2290125300,새꽃로
2290049615,지목로
2290458301,
2290676000,
2290142900,교하로
2290296500,가온로
2290090404,자장로
2290090802,율곡로
2290136900,새꽃로
2290107301,문화로
2290606201,교하로307번길
2290402306,남북로
2290032101,율곡로
2290265402,풍뎅이길
2290648601,천정구로
2290328902,
2290603501,가람로
2290247300,책향기로
2290140202,방촌로
2290090603,율곡로
2290013003,경의로
2290452500,교하로
2290660104,파주로
2290012614,만장산로
2290669603,술이홀로
2290258400,고봉로
2290405702,책향기로
2290321600,
2290053304,화합로
2290596002,심학산로
2290106901,문화로
2290165401,파주로
2290016003,자유로
2290654001,
2290656301,
2290165900,평화로
2290144803,
2290079702,파평산로
2290075401,
2290612800,
2290634300,
2290673901,수원문산고속도로
2290012904,
2290258201,삼릉로
2290651801,
2290220200,창만협동교
2290286503,얼음실로
2290061730,자운서원로
2290025505,술이홀로
2290212901,책향기숲길
2190108100,산남로
2290055104,만월로
2290645401,
2290168000,
2290642602,문발로
2290087000,시청로
2290632600,
2290610701,
2290084101,쇠재개울길
2290068400,안개초길
2290029610,사임당로
2290657702,심학산로
2290331502,당동1로, 방촌로
2290111700,
2290319501,미래로
2290116901,청석로
2290320301,동서대로
2290295800,한빛로
2290034008,통일로
2290294703,한빛로
2290250500,책향기숲길
2290460113,가람로
2290206602,
2290221000,
2290351300,술이홀로
2290283104,
2290091500,율곡로
2290691900,감악산로
2290598301,
2290670502,술이홀로
2290617200,
2290100601,하우고개길
2290603702,가재울로
2290113100,동산7길
2290406904,평화로
2290190803,봉천로
2290257201,능안로
2290491101,
2290277601,
2290639800,회동길
2290674101,
2290165600,파주로
2290233300,
2290266501,헤이리로
2290596602,명동길
2290134701,
2290317300,가온로
2290132602,새꽃로
2290624101,
2290167601,통일로
2290696800,심학산로
2290019008,방촌로
2290608602,청송로
2290320000,동서대로
2290014010,등원로
2290261905,정담길
2290257005,대원로
2290652813,방촌로
2290618802,월롱산단2길
2290140100,통일로
2290011003,경의로
2290266614,새오리로
2290119001,
2290023700,정문로
2290018006,영장2교
2290227100,문발로
2290018906,평화로
2290611200,
2290054402,
2290403702,
2290281603,엘씨디로
2290250200,책향기로
2290300901,와석순환로
2290067300,장마루로
2290259800,문발로
2290025222,술이홀로
2290299201,교하로
2290146901,숲속노을로
2290032204,사임당로
2290298101,미래로
2290015508,평화로
2290269601,엘지로
2290608901,
2290200401,
2290022934,혜음로
2290593701,능안사거리
2290061703,자운서원로
2290573500,파주로
2290617402,
2290011809,보광로
2290046802,
2290299901,책향기로
2290258901,고봉로
2290054201,
2290299500,와석순환로
2290032104,율곡로
2290655603,숲속노을로
2290612401,
2290347802,파주로
2290093800,쇠재로
2290658601,해올1길
2290623701,
2290200402,
2290670607,술이홀로
2290219603,보광로
2290588003,미래로
2290199700,
2290110600,문향로75번길
2290589601,
2290686800,
2290023416,자유로
2290193602,방촌로
2290491700,
2290211404,교하로
2290614400,
2290145800,파주로
2290170302,직지길
2290573701,법원로
2290050702,
2290031413,사임당로
2290012608,혜음로
2290699500,노을빛로
2290014401,통일로
2290061713,자운서원로
2290331200,
2290045801,
2290122400,참매미길
2290670902,술이홀로
2290665402,통일로
2290100101,오색나비길
2290079802,술이홀로
2290201700,새꽃로
2290705100,
2290704600,운정지하차도
2290189201,
2290686200,
2290608100,적성산단로
2290020501,
2290235700,아동로
2290192400,뇌조로
2290025402,술이홀로
2290674906,정문로
2290266722,새오리로
2290578608,수원문산고속도로
2290703900,
2290602401,
2290644600,
2290621102,
2290274401,엘씨디로
2290614700,
2290247600,회동길
2290100300,오색나비길
2290316002,해솔로
2290050501,평화로
2290248300,회동길
2290097404,
2290459200,와석순환로
2290051000,평화로
2290305701,가온로
2290038446,청송로
2290098101,오색나비길
2290632500,문발로
2290598300,
2290190705,송비말길
2290171101,새꽃로
2290142901,교하로
2290246801,책향기로
2290608609,
2290012620,혜음로
2290090318,자장로
2290094001,쇠재1길
2290242803,성동로
2290573601,파주로
2290189600,
2290296102,가온로
2290254201,쇠재개울길
2290663801,파주로
2290274600,
2290191100,봉천로
2290103900,
2290217002,하늘소로
2290228100,문발로
2290248500,문발로
2290333602,당동2로
2290699800,심학산로
2290007903,명봉산로
2290293201,미래로
2290015101,기산로
2290640801,
2290605100,
2290587700,
2290656601,청석로
2290652201,수원문산고속도로
2290184900,
2290071001,산업단지길
2290286216,배머리길
2290636701,
2290107801,
2290228001,회동길
2290079803,술이홀로
2290690000,수도권제2순환고속도로
2290122801,하늘소로
2290629701,신촌로
2290040317,구읍로
2290134401,
2290097802,보광로
2290009002,장곡로
2290044702,초리골길
2290073401,가나무로
2290618700,월롱산단3길
2290202100,중앙로
2290069203,노을빛로
2290239200,쇠재안길
2290664702,통일로
2290106201,시청로
2290624905,웅지로
2290092401,쇠재1길
2290470904,숲속노을로
2290064000,장마루로
2290452801,청암로
2290286308,배머리길
2290674916,정문로
2290085902,천정구로
2290022606,광탄천로
2290277701,교하로
2290057500,동산길
2290581503,
2290133803,금정4길
2290331202,
2290275607,월롱산로
2290119101,
2290141500,임진나루길
2290025807,자유로
2290118301,교하로
2290100001,오색나비길
2290214901,노을빛로
2290054101,
2290643001,문발로
2290635800,
2290023401,자유로
2290194702,안개초길
2290279600,월롱산로
2290044300,쇠장이길
2290344801,파주로
2290168200,
2290167305,경의로
2290111905,가나무로
2290301701,심학산로
2290165300,파주로
2290233401,
2290584701,
2290661603,파주로
2290655602,노을빛로
2290045300,
2290170301,
2290613101,경의로
2290663301,파주로
2290069000,유채꽃길
2290303602,한울로
2290017403,혜음로
2290035311,율곡로
2290038734,설마천로
2290162400,문산역로
2290077100,법흥로
2290454101,
2290274505,엘씨디로
2290245600,유채꽃길
2290303400,경의로
2290164002,교하로
2290081500,보광로
2290274701,
2290290603,통일로
2290452001,교하로
2290063201,교하로
2290494401,
2290303600,한울로
2290260702,자유로
2290154107,교하로
2290017101,평화로
2290659603,파주로
2290661501,부흥로
2290235201,
2290578403,
2290269402,엘씨디로
2290219001,동거리길
2290067001,청송로
2290460008,가람로150번길
2290660201,새산수길
2290667801,통일로
2290017507,등원로
2290307400,
2290115600,율곡로
2290660906,부흥로
2290154912,
2290042101,율곡로
2290452300,
2290582108,
2290114101,방촌로
2290588402,한울로
2290197303,도감로
2290193705,방촌로
2290218601,
2290668201,통일로
2290321900,교하로
2290263602,
2290021806,통일로
2290220502,
2290183900,약산로
2290050401,평화로
2290108400,
2290373802,미리내로
2290005400,고봉로
2290677800,
2290203501,
2290113001,동산7길
2290296100,가온로
2290139900,통일로
2290451602,교하로
2290281601,엘씨디로
2290045001,교하로
2290633300,문발로
2290674817,정문로
2290172300,
2290199007,진지로
2290610302,소리천로
2290100905,운정로
2290002802,통일로
2290023027,
2290330200,방촌로
2290021417,부흥로
2290664604,통일로
2290597500,가람로150번길
2290331303,
2290094601,
2290299401,
2290491501,
2290660001,파주로
2290158401,참매미길
2290227400,
2290695100,
2290046402,
2290460104,가람로
2290331301,
2290309900,교하로
2290163300,문발로
2290056302,동산7길
2290033706,자유로
2290068700,유채꽃길
2290186200,
2290633600,문발로
2290010900,경의로
2290242302,
2290198002,광탄천로
2290215301,유채꽃길
2290614105,
2290040323,구읍로
2290404603,
2290038918,통일로
2290001808,명봉산로
2290100301,오색나비길
2290312704,와석순환로
2290288803,운정역길
2290405401,남북로
2290037502,만월로
2290621800,연풍로
2290160701,
2290319900,동서대로
2290700800,
2290253401,쇠재2길
2290694100,심학산로
2290131400,
2290038146,청송로
2290234601,새꽃로
2290608512,
2290132800,금정로
2290075701,새꽃로
2290276202,엘지로
2290275615,월롱산로
2290089200,
2290025504,술이홀로
2290277101,
2290029703,사임당로
2290176700,직지길
2290495007,우계로
2290033903,율곡로
2290133502,금정2길
2290013906,등원로
2290622201,엘지로
2290578301,사임당로
2290189500,
2290613800,
2290078501,참매미길
2290225306,파발로
2290644701,
2290014602,평화로
2290116201,충의로
2290135500,한산로
2290017501,등원로
2290640601,심학산로
2290293100,동패로
2290619300,문산역로
2290177101,직지길
2290015006,평화로
2290582601,엘지로
2290612601,
2290597400,내산길
2290076700,법흥로
2290234001,노을빛로
2290638601,문발로
2290004105,
2290037514,만월로
2290126601,해바라기길
2290265300,풍뎅이길
2290194100,신금촌교
2290029709,사임당로
2290131200,한산로
2290212000,
2290032503,오현로
2290052800,번영로
2290083501,쇠재안길
2290236602,문화로
2290268600,
2290235501,원앙길
2290083902,쇠재개울길
2290621201,
2290022902,연풍3길
2290184604,한록산길
2290209401,심궁로
2290572212,율곡로
2290027007,우계로
2290276601,엘지로
2290576701,
2290122000,참매미길
2290687700,주라위길
2290131500,한산로
2290032105,율곡로
2290326901,
2290144401,금정5길
2290670808,술이홀로
2290679700,
2290024409,술이홀로
2290685200,
2290161701,문향로
2290078900,사슴벌레로
2290067900,
2290252601,노을빛로
2290015610,평화로
2290689900,수도권제2순환고속도로
2290590002,
2290115101,임진나루길
2290312802,가온로
2290034004,통일로
2290015506,갈현로
2290220603,
2290148501,교하로
2290703200,
2290124900,금빛로
2290034410,율곡로
2290027708,사임당로
2290329802,
2290054000,
2290643100,
2290070700,숲속노을로
2290001806,명봉산로
2290009800,금릉역로
2290658901,남북로
2290047300,노을빛로
2290010700,
2290063900,장마루로
2290606801,
2290240020,검산로
2290232602,책향기숲길
2290629802,신촌로
2290690600,수도권제2순환고속도로
2290327700,서영로
2290241600,평화로
2290082000,쇠재안길
2290280301,
2290011803,보광로
2290240006,검산로
2290111802,가나무로
2290193603,방촌로
2290270404,엘지로
2290572009,동서로
2290127201,중앙로
2290061635,자운서원로
2290327400,
2290273602,청석로
2290576200,적성산단2로
2290663601,
2290458203,
2290247501,회동길
2290127001,
2290225803,파발로
2290209901,만장산로
2290271000,휴암로
2290627601,평화로
2290670206,파평산로
2290218800,
2290070001,숲속노을로
2290039501,청송로
2290098400,오색나비길
2290266643,새오리로
2290684600,
2290285704,구암로
2290026300,술이홀로
2290184901,
2290331102,
2290622100,
2290244001,성동로
2290408903,금월로
2290039208,청송로
2290097303,
2290053303,화합로
2290590102,신촌로
2290175700,풍뎅이길
2290086001,명동길
2290057201,번영로
2290055102,만월로
2290169802,
2290313000,가온로
2290286305,배머리길
2290013811,기산로
2290043601,정문로
2290102901,천정구로
2290629600,교하로
2290267201,방촌로
2290164503,문발들길
2290496001,
2290646201,교하로
2290312601,가온로
2290665403,통일로
2290497400,
2290314100,
2290258601,
2290073800,동산2길
2290081800,
2290135201,
2290571901,율곡로
2290087100,시청로
2290616301,
2290000703,혜음로
2290572123,율곡로
2290156719,봉서산로
2290660301,새산수길
2290004701,송비말길
2290134700,
2290460014,
2290656602,노을빛로
2290138201,장산로
2290577402,
2290263300,
2290291200,통일로
2290274508,엘씨디로
2290045301,
2290665701,통일로
2290279903,책향기숲길
2290109103,문산역로
2290090309,자장로
2290130401,
2290405101,남북로
2290111301,동산3길
2290575201,파주로
2290232801,
2290116001,통일로
2290385000,동서로
2290092801,쇠재개울길
2290332600,방촌로
2290138612,당동1로
2290452601,교하로
2290169805,파주로
2290309801,와석순환로
2290156728,봉서산로
2290460200,
2290026702,사임당로
2290052000,
2290182501,법흥로
2290603800,가재울로
2290631101,신촌2로
2290294701,한빛로
2290270402,엘지로
2290025809,자유로
2290164820,소라지로
2290080104,엘지로
2290033302,
2290187902,
2290607701,적성산단로
2290195400,
2290027506,통일로
2290224200,
2290266000,필승로
2290193300,
2290075500,
2290156715,봉서산로
2290578507,문현말길
2290291801,동서대로
2290328100,서영로
2290061708,자운서원로
2290229901,책향기숲길
2290661904,방촌로
2290590500,신촌2로
2290045900,
2290070103,책향기로
2290055100,만월로
2290574304,파주로
2290328400,개포래로
2290193002,충현로
2290593801,능안사거리
2290603902,책향기로
2290071500,
2290021824,통일로
2290158301,사슴벌레로
2290162301,
2290595101,
2290405600,심학산로
2290162402,문산역로
2290672401,청석로
2290608517,
2290126300,해바라기길
2290697600,
2290651501,
2290263400,
2290007003,파주로
2290025317,사임당로
2290584002,
2290022930,
2290106303,시청로
2290118101,방촌로
2290315300,해솔로
2290138300,장산로
2290082100,쇠재안길
2290007004,파주로
2290183912,약산로
2290138614,율곡로
2290220409,만장산로
2290582400,
2290018132,산들로
2290277400,
2290572006,동서로
2290055200,만월로
2290589701,
2290042229,어삼로
2290172800,교하로
2290080200,천정구로
2290029813,사임당로
2290658701,해올1길
2290302200,경의로
2290599902,
2290407005,금월로
2290252804,헤이리로
2290329700,
2290623201,
2290110700,문향로75번길
2290655601,노을빛로
2290405500,심학산로
2290025608,엘지로
2290652907,방촌로
2290039000,청송로
2290020806,혜음로
2290233000,
2290046000,
2290089400,고봉로
2290030902,반구정로
2290244100,성동로
2290582301,통일로
2290648001,
2290641902,
2290594102,안능안길
2290141202,
2290023201,방촌로
2290066101,파평산로
2290204000,
2290219303,만장산로
2290156704,
2290049704,지목로
2290038704,설마천로
2290332601,방촌로
2290284804,
2290572108,율곡로
2290039404,
2290658602,
2290180501,광인사길
2290458600,심학산로
2290093200,쇠재개울길
2290578001,
2290593301,유채꽃길
2290156700,봉서산로
2290459106,
2290572205,
2290304803,가람로
2290577901,
2290347400,파주로
2290057001,동산6길
2290404800,남북로
2290155400,파평산로
2290061634,자운서원로
2380005808,어삼로
2290643600,
2290042800,금정3길
2290659501,해올2길
2290187101,청석로
2290258603,내산길
2290069100,유채꽃길
2290006600,파주로
2290163900,교하로
2290280200,
2290636600,
2290087901,쇠재안길
2290215200,유채꽃길
2290009900,기곡길
2290002101,통일로
2290316301,가온로
2290263102,
2290183903,약산로
2290016607,통일로
2290607300,적성산단로
2290227500,광인사길
2290405807,교하로
2350009100,부흥로
2290274001,
2290588102,
2290287300,산남로
2290317500,교하로
2290372700,책향기로
2290321500,동서대로
2290348301,화합로
2290281901,술이홀로
2290584402,성동로
2290106300,시청로
2290259005,내산길
2290309701,경의로
2290070400,책향기로
2290214200,노을빛로
2290067003,청송로208번길
2290155601,문산역로
2290233700,노을빛로
2290115102,
2290288702,운정역길
2290670802,술이홀로
2290063300,천정구로
2290648301,혜음로
2290407602,금월로
2290666201,통일로
2290246100,책향기로
2290010701,번영로
2290187102,청석로
2290127101,봉천로
2290266413,헤이리로
2290013922,등원로
2290285702,구암로
2290633700,재두루미길
2290033606,자유로
2290164202,교하로
2290270201,엘씨디로
2290072101,후곡로
2290057701,동산길
2290276300,엘지로
2290056801,동산2길
2290619101,
2290056403,동산5길
2290200701,금정3길
2290691804,보광로
2290146701,
2290613200,
2290240011,검산로
2290245500,유채꽃길
2290303200,
2290051300,새꽃로
2290206801,
2290022613,정문로
2290202400,
2290583702,
2190108202,산남로
2290236501,문화로
2290610900,
2290031905,통일로
2290122001,참매미길
2290679300,
2290645500,
2290078001,고추잠자리길
2290071100,
2290288300,
2290109102,문산역로
2290207400,
2290495601,
2290589100,와석순환로172번길
2290088102,중앙로
2290278801,
2290166001,금릉역로
2290073400,가나무로
2290459704,소리천로
2290324600,솥뒤로
2290132900,금정로
2290589401,한울로
2290038733,감악산로
2290314601,
2290167501,통일로
2290669812,술이홀로
2290061900,자운서원로
2290285504,구암로
2290618400,월롱산단1길
2290112101,가나무로
2290665301,통일로
2290025210,사임당로
2290652903,방촌로
2290326200,심학산로
2290673701,
2290402305,남북로
2290194101,
2290047102,
2290460201,와석순환로
2290612500,
2290025808,자유로
2290686403,
2290304001,가온로
2290017905,기산로
2290028804,
2290628501,
2290405704,책향기로
2290206400,
2290601300,
2290025908,자유로
2290170401,
2290671205,술이홀로
2290249600,회동길
2290208001,책향기숲길
2290336400,평화로
2290215501,유채꽃길
2290597700,가람로150번길
2290024309,술이홀로
2290102704,교하로
2290121700,고추잠자리길
2290201400,새꽃로
2290028806,우계로
2290211501,청석로
2290056800,동산6길
2290645300,
2290492303,
2290659102,교하로
2290330100,당동1로, 방촌로
2290320502,남북로
2290013904,등원로
2290603900,책향기로
2290155801,문산역로
2290038614,설마천로
2290037802,율곡로
2290630802,신촌2로
2290402902,남북로
2290181201,광인사길
2290660702,부흥로
2290617304,
2290404601,남북로
2290220504,
2290669701,술이홀로
2290079902,술이홀로
2290659201,
2290239908,검산로
2290674805,정문로
2290572122,율곡로
2290171900,쇠재1길
2290657103,청석로
2290198115,광탄천로
2290178801,회동길
2290222500,
2290599500,
2290330800,
2290315600,
2290244701,유채꽃길
2290187300,
2290677500,
2290249400,회동길
2290677000,
2290123001,참매미길
2290089300,고봉로
2290020102,자유로
2290682600,
2290655801,숲속노을로
2290273702,청석로
2290073100,후곡로
2290667501,통일로
2290032407,오현로
2290326504,휴암로
2290170100,자유로
2290110103,
2290653602,수원문산고속도로
2290213601,안개초길
2290113101,동산7길
2290675600,
2290029611,사임당로
2290615201,
2290670909,술이홀로
2290311001,와석순환로
2290288101,산남로
2290583700,
2290130902,
2290326804,휴암로
2290156202,술이홀로
2290670718,술이홀로
2290350300,술이홀로
2290016200,평화로
2290120100,후곡로
2290603500,가람로
2290583200,
2290010109,통일로
2290459602,
2290593201,유채꽃길
2290009302,
2290452702,
2290264103,월롱산로
2290138503,당동1로
2290093201,쇠재개울길
2290167701,
2290013705,중산교
2290275900,월롱산로
2290025911,자유로
2290463801,율곡로
2290154801,문발로
2290619701,
2290191701,
2290212401,책향기숲길
2290198202,광탄천로
2290326600,휴암로
2290323302,
2290586700,아동로
2290249202,회동길
2290249900,
2290094700,
2290572900,보광로
2290032400,오현로
2290017201,평화로
2290492000,
2290211402,청석로
2290304804,가람로
2290333300,당동2로
2290329303,
2290266611,새오리로
2290061606,자운서원로
2290206401,
2290057301,동산8길
2290460504,
2290021822,통일로
2290131201,한산로
2290278300,
2290273302,필승로
2290173204,청석로
2290023405,자유로
2290001909,자유로
2290010210,뇌조로
2290442501,파주로
2290019030,방촌로
2290120400,금빛로
2290138715,사목로
2290331503,당동1로, 방촌로
2290109600,통일로
2380005700,어삼로
2290111202,동산3길
2290266716,새오리로
2290018918,방촌로
2290025503,술이홀로
2290275719,월롱산로
2290199503,장지산로
2290576601,적성산단1로
2290136703,엘지로
2290289003,운정역길
2290061705,자운서원로
2290625801,
2290235502,
2290601900,
2290146201,파주로
2290106900,시청로
2290206101,
2290018108,산들로
2290209301,심궁로
2290602200,
2290311900,교하로
2290040221,구읍로
2290671306,술이홀로
2290216801,참매미길
2290622302,
2290261501,
2290143401,경의로
2290630200,신촌1로
2290008000,명봉산로
2290620502,
2290348700,
2290041305,율곡로
2290184301,필승로
2290225801,술이홀로
2290286405,얼음실로
2290054600,부흥로21번길
2290626500,
2290641800,회동길
2290012616,혜음로
2290221701,숲속노을로
2290235100,
2290650301,
2290270601,엘씨디로
2290088401,중앙로
2290192605,등원로
2290678300,
2290199525,장지산로
2290223401,책향기숲길
2290644301,회동길
2290285802,구암로
2290015905,자유로
2290283801,술이홀로
2290641000,문발들길
2290241300,검산로
2290147700,
2290216200,유채꽃길
2290182600,법흥로
2290274100,청석로
2290582700,
2290123701,사슴벌레로
2290004104,哈龙1号桥
2290313401,금바위로
2290258301,고봉로
2290133503,중앙로
2290601901,가람로
2290110800,문산로
2290273002,필승로
2290261100,방촌로649번길
2290272704,새오리로
2290136300,엘지로
2290259403,문발로
2290020703,혜음로
2290255400,대원로
2290192701,방촌로
2290577802,
2290164724,소라지로
2290211201,
2290096701,
2290221600,
2290309700,와석순환로
2290574901,화합로
2290118008,교하로
2290582902,검바위길
2290686900,주라위길
2290242500,
2290001811,명봉산로
2290294300,교하로
2290005702,파주로
2290067904,장마루로
2290023103,방촌로
2290064603,율곡로
2290594101,안능안길
2290662102,방촌로
2290659001,남북로
2290107107,문화로
2290021904,방축2교차로
2290021728,통일로
2290453700,산내로
2290040400,양연로
2290223100,
2290117204,교하로
2290668601,통일로
2290134801,
2290222501,
2290304501,미래로
2290199201,진지로
2290247902,회동길
2290219405,만장산로
2290630800,신촌2로
2290052400,번영로
2290059600,
2290350301,술이홀로
2290654802,숲속노을로
2290244601,필승로
2290035502,임진각로
2290077101,법흥로
2290652603,수원문산고속도로
2290123602,참매미길
2290110704,문향로75번길
2290453500,교하로
2290107206,
2290100913,운정로
2290252700,노을빛로
2290033303,통일로
2290042702,금정3길
2290134600,
2290071300,문화로
2290170800,
2290183905,약산로
2290640101,
2290237702,새꽃로
2290202700,문발로
2290402404,남북로
2290004201,
2290275000,엘씨디로
2290049801,
2290621304,오봉골길
2290123201,하늘소로
2290648509,혜음로
2290674810,정문로
2290187801,
2290589501,
2290453900,산내로
2290228200,문발로
2290246200,책향기로
2290625401,
2290114301,방촌로
2290159000,사슴벌레로
2290648801,수원문산고속도로
2290235800,아동로
2290140400,율곡로
2290620800,
2290373600,미리내로
2290071201,시청로
2290230801,
2290271202,휴암로
2190108105,산남로
2290041202,양연로
2290067414,장마루로
2290051700,새꽃로
2290646600,혜음로
2290460003,
2290036202,
2290140606,율곡로
2290298900,책향기로
2290278202,
2290402801,남북로
2290091800,율곡로
2290098301,오색나비길
2290630601,신촌1로
2290259601,회동길
2290271105,휴암로
2290682300,
2290286202,파평산로
2290402400,남북로
2290260901,방촌로955번길
2290284904,
2290055204,만월로
2290145901,파주로
2290012512,혜음로
2290333101,방촌로
2290134304,
2290317601,
2290008501,중앙로
2290038615,설마천로
2290495005,우계로
2290326302,심학산로
2290604001,가재울로
2290645602,
2290607600,적성산단로
2290492601,우계로
2290061638,자운서원로
2290199513,장지산로
2290022933,혜음로
2290318500,동서대로
2290023418,자유로
2290012524,혜음로
2290613002,
2290408909,금월로
2290240300,검산로
2290045601,
2290009501,장곡로
2290014017,등원로
2290496002,
2290290401,보광로
2290304601,미래로
2290118700,곡능천교
2290182401,평화로
2290082901,쇠재로
2290689800,수도권제2순환고속도로
2290652909,방촌로
2290133302,금정로
2290028803,통일로
2290335008,휴암로
2290653702,수원문산고속도로
2290273501,필승로
2290002002,자유로
2290589700,
2290572112,율곡로
2290199102,장지산로
2290005103,명봉산로
2290135401,한산로
2290670303,파평산로
2290664605,통일로
2290175301,풍뎅이길
2290103800,
2290236101,중앙로
2290212800,
2290164808,소라지로
2290266408,헤이리로
2290660406,새산수길
2290601200,
2290023219,방촌로
2290208705,보광로
2290179300,
2290128200,
2290670002,술이홀로
2290115400,당동2로
2290116100,충의로124번길
2290012526,혜음로
2290011702,보광로
2290245700,유채꽃길
2290572214,율곡로
2290158900,사슴벌레로
2290225108,연풍로
2290055601,
2290022502,주월교
2290164701,교하로
2290275301,엘지로
2290023901,
2290235001,새꽃로
2290591600,
2290680700,
2290007309,장곡로
2290244301,필승로
2290137000,학령2터널
2290616100,
2290032201,사임당로
2290196700,
2290255503,문원길
2290259701,문발로
2290303002,경의로
2290245501,유채꽃길
2290663902,파주로
2290208101,책향기숲길
2290592201,
2290039214,청송로
2290669101,
2290197305,도감로
2290602202,
2290133902,중앙로
2290631600,신촌2로
2290025213,
2290134602,
2290259401,문발로
2290586201,마음밭길
2290595502,
2290659803,
2290191907,뇌조로
2290197102,도감로
2290039217,청송로
2290652301,수원문산고속도로
2290655204,양지로
2290085900,
2290272801,헤이리로
2290598000,
2290266640,새오리로
2290460300,소리천로
2290264500,사슴벌레로
2290098402,오색나비길
2290044802,초리골길
2290023207,방촌로
2290046200,
2290643800,
2290167500,새꽃로
2290581800,윗가마울길
2290298600,심학산로
2290579800,월롱산단3길
2290239101,쇠재안길
2290044810,초리골길
2290408203,금월로
2290222100,숲속노을로
2290115103,
2290059601,
2290088702,학령로
2290016300,혜음로
2290662006,휴암로
2290648202,해음로579번길
2290578600,문현말길
2290583404,오금로
2290574003,
2290578408,
2290670710,술이홀로
2290258000,능안로
2290244101,성동로
2290225701,술이홀로
2290179800,회동길
2290034701,통일로
2290074801,후곡로
2290286213,배머리길
2290004206,
2290025909,자유로
2290015515,평화로
2290141701,책향기숲길
2290350700,술이홀로
2290048501,
2290653705,수원문산고속도로
2290079709,파평산로
2290049608,지목로
2290060601,통일로
2290589800,
2290002018,자유로
2290145001,
2290186702,
2290687200,
2290039407,솥뒤로
2290458401,
2290169400,파주로
2290025318,사임당로
2290656703,청석로
2290055202,만월로
2290620701,
2290146200,
2290033501,
2290273400,
2290220903,
2290177500,문발로
2290040320,구읍로
2290270701,휴암로
2290128508,홀작로
2290088700,학령로
2290452302,교하로
2290220503,
2290079704,파평산로
2290458800,와석순환로
2290254101,쇠재개울길
2290055205,만월로
2290459113,
2290033710,자유로
2290265900,필승로
2290306101,미래로
2290645800,
2290024500,자유로
2290662103,휴암로
2290639401,
2290325501,서영로
2290663201,파주로
2290090501,율곡로
2290105600,동산2길
2290193706,방촌로
2290671203,술이홀로
2290235301,아동로
2290642701,회동길
2290011604,
2290026104,화합로
2290259203,
2290669001,통일로
2290107001,중앙로
2290107201,문화로
2290253801,쇠재2길
2290582801,
2290336206,
2290585300,
2290070201,책향기로
2290315501,
2290673801,수원문산고속도로
2290265601,법흥로
2290617401,
2290002009,자유로
2290576901,율곡로
2290693800,교하로
2290460108,가람로150번길
2290274805,엘씨디로
2290637700,문발로
2290030300,
2290012508,혜음로
2290114605,
2290190400,
2290637100,
2290014016,등원로
2290661001,보광로
2290598100,가람로
2290059105,봉미로
2290572403,파주로
2290135100,
2290156706,봉서산로
2290243801,성동로
2290574600,화합로
2290673402,책향기로
2410253700,운정로
2290027005,우계로
2290283301,사임당로
2290023011,혜음로
2290162200,문향로
2290572400,파주로
2290239910,검산로
2290113200,동산7길
2290647101,통일로
2290159400,하늘소로
2290674905,정문로
2290118900,후곡로
2290018701,헤이리로
2290020801,혜음로
2290154300,교하로
2290279902,책향기숲길
2290021310,부흥로
2290604701,
2290102705,천정구로
2290053601,화합로
2290013600,평화로
2290089000,삼릉로
2290300501,
2290232901,
2290318502,동서대로
2290259302,문발로
2290668901,
2290050901,
2290318301,동서대로
2290248203,회동길
2290614601,
2290248601,문발로
2290265104,
2290082700,쇠재개울길
2290578604,문현말길
2290148401,교하로
2290642900,문발로
2290266407,헤이리로
2290236604,중앙로
2290187100,청석로
2290590800,문발로
2290245900,유채꽃길
2290100814,운정로
2290227401,
2290672501,청석로
2290077800,고추잠자리길
2290233900,노을빛로
2290085000,율곡로
2290230200,
2290495006,우계로
2290672502,책향기숲길
2290190200,
2290578305,
2290592500,회동길
2290578612,문현말길
2290606701,적성산단2로
2290031903,통일로
2290138702,통일로
2290022507,정문로
2290025216,사임당로
2290039303,청송로
2290628902,
2290047100,
2290077501,오색나비길
2290663802,파주로
2380245600,장남로
2290028503,우계로
2290239924,검산로
2290606702,
2290266623,새오리로
2290458300,가람로
2290218901,
2290592600,회동길
2290288705,
2290284100,
2290460010,가람로
2290078500,참매미길
2290100201,오색나비길
2290242902,성동로
2290073601,쇠재로
2290183102,법흥로
2290575102,파주로
2290038564,
2290239800,헤이리로
2290134201,
2290594200,안능안길
2290635700,문발로
2290120000,후곡로
2290277700,산업단지길
2290701600,운정중앙로
2290038628,감악산로
2290214201,노을빛로
2290184300,
2290351802,파발로
2290018203,
2290654801,숲속노을로
2290107901,금정로
2290226204,
2290078902,평화로
2290135400,한산로
2290015400,통일로
2290055209,만월로
2290225107,술이홀로
2290012902,평화로
2290077601,고추잠자리길
2290678500,
2290180901,문발로
2290318601,동서대로
2290348002,등원로
2290022101,방촌로
2290042103,어삼로
2290453705,산내로
2290303401,경의로
2290184001,필승로
2290038620,설마천로
2290045400,
2290590401,신촌2로
2290226600,광인사길
2290670306,파평산로
2290652703,수원문산고속도로
2290181204,광인사길
2290247801,회동길
2290183300,법흥로
2290304400,
2290077401,오색나비길
2290296000,가온로
2290308402,와석순환로
2290262200,
2290453501,교하로
2290615300,
2290038148,청송로
2290187701,
2290622901,월롱산로
2290660508,부흥로
2290609300,와석순환로172번길
2290000705,혜음령터널
2290096300,율곡로
2290327301,
2290268404,웅지로
2290579401,월롱산단길
2290193500,
2290276301,엘지로
2290203201,평화누리 자전거길
2290212700,
2290033004,통일로
2290264501,풍뎅이길
2290491201,우계로
2290068000,율곡로
2290653603,
2290316901,책향기로
2290178700,
2290248600,회동길
2290209801,만장산로
2290492904,
2290181601,문발로
2290198700,진지로
2290641202,문예로
2290005300,고봉로
2290266419,헤이리로
2290614901,
2290346300,파주로
2290198203,광탄교
2290247101,숲속노을로
2290402304,남북로
2290308600,
2290220801,부흥로
2290202901,
2290004900,통일로
2290633501,문발로
2290257601,
2290095400,율곡로
2290124500,금빛로
2290079602,파평산로
2290656402,청석로
2290259702,문발로
2290286203,배머리길
2290263603,
2290336501,평화로
2290207001,
2290030202,
2290261700,마음밭길
2290241301,
2290272901,필승로
2290311000,와석순환로
2290154105,교하로
2290580700,사임당로
2290128610,홀작로
2290193701,방촌로
2290496800,
2290071202,문화로
2290272710,헤이리로
2290003805,고봉로
2290316000,해솔로
2290023124,방촌로
2290313804,
2290190600,송비말길
2290458509,소리천로
2290492202,
2290179603,회동길
2290632801,
2290246501,청석로
2290272401,방촌로
2290087001,시청로
2290244201,성동로
2290317800,동서대로
2290254800,학령로
2290184201,법흥로
2290018130,금월로
2290075301,
2290121001,금빛로
2290578602,문현말길
2290241900,평화로
2290060900,
2290174200,풍뎅이길
2290492802,
2290088304,중앙로
2290203301,직지길
2290012405,
2290660004,파주로
2290167600,새꽃로
2290574906,화합로
2290491400,
2290228400,광인사길
2290572402,파주로
2290629800,신촌로
2290274404,엘씨디로
2290224700,
2290574602,화합로
2290061734,자운서원로
2290310501,
2290121101,새꽃로
2290293701,교하로
2290243103,
2290152500,장승배기로
2290094500,
2290072100,후곡로
2290295801,한빛로
2290335603,당동1로
2290138718,사목로
2290002014,자유로
2290191902,뇌조로
2290126000,해바라기길
2290619902,
2290470902,숲속노을로
2290130000,
2290279201,
2290234201,
2290179401,
2290193607,
2290194701,안개초길
2290097401,
2290150900,램프E교
2290032602,장승배기로
2290266804,새오리로
2190202700,동서대로
2290572211,율곡로
2290219201,만장산로
2290296400,가온로
2290274901,엘씨디로
2290102401,파주로
2290220411,
2290164003,교하로
2290323400,솥뒤로
2290125500,새꽃로
2290132101,한산로
2290169901,파주로
2290667601,통일로
2290461800,감악산로
2290310600,
2290116701,교하로
2290164001,
2290287500,산남로
2290595200,
2290227000,
2290219403,만장산로
2290351200,술이홀로
2290409801,엘지로
2290257004,대원로
2290288701,
2290048000,엘씨디로
2290442000,
2290007103,
2290188900,청석로
2290629900,신촌로
2290497501,
2290625100,
2290453801,
2290178501,문발로
2290684102,
2290099901,법흥로
2290164800,소라지로
2290096800,
2290461700,감악산로
2290143701,
2290622000,
2290123200,하늘소로
2290631901,문발로
2290294801,한빛로
2290322000,술이홀로
2290251701,
2290636100,
2290325802,경의로
2290168301,아동로
2290405601,와석순환로
2290320801,동서대로
2290351703,파발로
2290029102,사임당로
2290018238,
2290032200,사임당로
2290595701,
2290573501,보광로
2290614103,
2290025606,방촌로
2290673401,책향기로
2290299200,와석순환로
2290065600,율곡로
2290071200,문화로
2290027604,사임당로
2290161500,개포래로
2290185100,청석로
2290303800,동패로
2290024116,통일로
2290494301,
2290602602,
2290452200,청암로17번길
2290212600,
2290121300,금빛로
2290686601,
2290260302,자유로
2290672103,감악산로
2290372701,책향기로
2290256909,
2290018401,평화로
2290572222,율곡로
2290108800,문산역로
2290183400,법흥로
2290590101,지목로
2290021305,부흥로
2290109203,문산역로
2290010000,기곡길
2290202500,새꽃로
2290243005,
2290634301,
2290027706,사임당로
2290274904,엘씨디로
2290255504,문원길
2290661110,보광로
2290220100,
2290071403,
2290259400,문발로
2290460112,
2290266515,헤이리로
2290202900,
2290128600,홀작로
2290211102,책향기숲길
2290023311,평화누리길 7코스 (헤이리길)
2290160300,
2290252801,필승로
2290080004,도감로
2290659807,
2290592200,
2290629401,
2290015513,갈현로
2290011402,
2290607001,
2290625701,
2290257801,능안사거리
2290055901,동산8길
2290495600,
2290119500,후곡로
2290605601,
2290607900,적성산단1로
2290015602,평화로
2290582200,연풍로
2290025215,사임당로907번길
2290056701,동산5길
2290244501,필승로
2290226700,회동길
2290591502,문예로
2290296900,와석순환로
2290646400,교하로425번길
2290076303,
2290228601,광인사길
2290246002,책향기로
2290134902,
2290310400,동서대로
2290607202,
2290225002,
2290224400,문발로
2290138603,당동1로
2290616300,
2290109601,문산역로
2290034900,통일로
2290577300,
2290345200,등원로
2290020810,혜음로
2290078301,평화로
2290373100,책향기로
2290313300,가온로
2290048300,
2290208200,
2290173201,청석로
2290022612,정문로
2290131700,
2290099001,오색나비길
2290283003,
2290179503,회동길
2290209100,심궁로
2290628005,풀무골로
2290680000,
2290144301,
2290261403,
2290283300,사임당로
2290313705,금바위로
2290641101,문발들길
2290135801,방촌로
2290690900,수도권제2순환고속도로
2290275612,월롱산로
2290318201,
2290038812,통일로
2290193101,충현로
2290316600,가온로
2290492100,
2290259206,
2290307401,
2290037515,만월로
2290080002,엘지로
2290151805,장승배기로
2290601301,
2290015708,정문로
2290678600,
2290670905,술이홀로
2290124700,금빛로
2290404102,책향기로
2290088600,수원문산고속도로
2290677100,
2290025706,방촌로
2290641500,
2290081600,보광로
2290119301,
2290619700,
2290661011,보광로
2290192903,문산역로
2290075001,후곡로
2290002022,자유로
2290660601,
2290082801,쇠재개울길
2290596102,엘지로
2290591601,문예로
2290172900,청석로
2290038543,
2290090500,율곡로
2290169803,파주로
2290018114,
2290604300,책향기숲길
2290255500,문원길
2290003702,고봉로
2290008903,장곡로
2290130102,한산로
2290003901,혜음로
2290201901,중앙로
2290461701,감악산로
2290229700,
2290062901,경의로
2290576101,적성산단로
2290254301,쇠재2길
2290029711,사임당로
2290577800,
2290603801,청암로
2290250301,물향기2로
2290019700,정문로
2290258604,
2290022210,방촌로
2290296001,가온로
2290258203,삼릉로
2290249700,회동길
2290324301,칠중1길
2290013912,등원로
2290137801,
2290032301,사임당로
2290234401,
2290015902,자유로
2290328200,서영로
2290325801,경의로
2290044200,삼릉로
2290676400,
2290233101,
2290033003,율곡로
2290587003,가나무로
2290227901,회동길
2290329304,
2290678000,
2290156723,봉서산로
2290093000,쇠재1길
2290573800,화합로
2290618602,월롱산단3길
2290097000,
2290195901,
2290248801,문발로
2290163002,개포래로
2290613602,
2290701400,운정중앙로
2290289200,운정역길
2290130701,
2290227600,
2290254400,쇠재개울길
2290063001,신금촌교
2290237500,
2290037102,율곡로
2290038603,설마천로
2290235401,아동로
2290173302,
2290084700,율곡로
2290115000,율곡로
2290589602,
2290597601,
2290593602,
2290672902,청석로
2290179507,
2290181102,
2290024202,통일로
2290596104,도감로
2290266709,새오리로
2290018126,수원문산고속도로
2290622500,
2290335005,서영로
2290022203,방촌로
2290145500,
2290258003,능안로
2290186101,
2290585402,
2290125201,금빛로
2290225310,파발로
2290155300,
2290157500,율곡로
2290102400,천정구로
2290087900,쇠재안길
2290165500,파주로
2290096200,적성IC교
2290199527,장지산로
2290131002,
2290662502,방촌로
2290608401,적성산단로
2290221601,
2290600601,
2290024002,우계로
2290405002,남북로
2290703800,
2290014023,등원로
2290271201,엘지로
2290285805,구암로
2290222801,
2290495300,
2290258001,고봉로
2290174501,풍뎅이길
2290670721,술이홀로
2290455001,해솔로
2290595601,
2290213301,
2290118902,금정3길
2290628201,금월로
2290051401,새꽃로
2290247700,문발로
2290283202,
2290257500,능안로
2290023202,방촌로
2290069001,유채꽃길
2290648602,천정구로
2290089402,고봉로
2290265301,풍뎅이길
2290308304,와석순환로
2290405501,
2290046400,
2290035703,임진각로
2290276302,엘지로
2290232301,
2290042105,율곡로
2290279401,청석로
2290256801,대원로
2290242106,
2290682200,
2290661105,보광로
2290128001,
2290192608,뇌조로
2290269905,
2290028500,우계로
2290012515,혜음로
2290442900,
2290627901,평화로
2290029103,사임당로
2290137903,충의로124번길
2290017604,혜음로
2290078701,사슴벌레로
2290254900,중앙로
2290106401,시청로
2290182601,법흥로
2290702600,
2290100806,운정로
2290171001,직지길
2290187800,
2290147900,방촌로
2290156717,봉서산로
2290233100,
2290034409,율곡로
2290164900,
2290239600,헤이리로
2290252200,숲속노을로
2290198109,광탄천로
2290103402,금정3길
2290578000,
2290571903,율곡로
2290621000,
2290670606,파평산로
2290345600,파주로
2290227300,
2290307501,와석순환로
2290071401,
2290261402,시청로
2290220601,
2290030703,자유로
2290137500,문발교
2290133303,금정로
2290668401,통일로
2290270602,엘씨디로
2290138303,장산로
2290635401,
2290169100,파주로
2290194801,안개초길
2290641501,문발로
2290052101,
2290155000,율곡로
2290102602,천정구로
2290033704,자유로
2290580902,
2290135000,평화로
2290154810,
2290261701,시청로
2290055400,
2290620601,
2290244604,필승로
2290150704,동거리길
2290293504,교하로
2290284000,
2290029811,
2290118401,
2290573801,
2290170001,
2290013703,기산로
2290227800,문발로
2290315002,
2290051100,
2290201001,아동로
2290598600,
2290020706,혜음로
2290591200,평화누리 자전거길
2290086300,평화로
2290192002,뇌조로
2290190401,송비말길
2290682800,
2290216700,풍뎅이길
2290224000,책향기숲길
2290152801,교하로425번길
2290185900,
2290117401,교하로
2290038121,금파교
2290023303,자유로
2290661705,파주로
2290629601,교하로
2290111904,
2290275604,월롱산로
2290070601,교하로
2290038602,설마천로
2290660802,부흥로
2290139400,통일로
2290037510,술이홀로
2290061732,자운서원로
2380000218,양연로
2290164718,소라지로
2290632700,
2290306401,
2290108101,시청로
2290138901,마정로
2290037103,율곡로
2290236504,금정20길
2290198402,명봉산로262번길
2290403804,
2290459701,소리천로
2290644100,
2290652908,방촌로
2290134101,
2290228000,회동길
2290688400,
2290009703,금릉역로
2290055105,만월로
2290110202,문산로40번길
2290460114,가람로150번길
2290443101,등원로
2290462801,
2290173601,
2290115701,
2290100402,오색나비길
2290616302,
2290705800,
2290023223,방촌로
2290031511,
2290188702,청석로
2290322401,통일로
2290648101,
2290583304,오금로
2290029705,사임당로
2290028903,
2290329602,
2290088000,중앙로
2290233501,노을빛로
2290130901,
2290039301,청송로
2290281602,월롱산로
2290197912,광탄천로
2290144501,금정로
2290037902,율곡로
2290050300,동산7길
2290167200,경의로
2290024306,술이홀로
2290620201,
2290221801,
2290604101,청암로
2290323301,솥뒤로
2290705900,
2290615102,
2290677200,
2290238401,쇠재안길
2290106102,시청로
2290261300,시청로
2290239922,검산로
2290597100,
2290062200,화석정로
2290104600,평화로
2290163000,개포래로
2290147601,새꽃로
2290115901,통일로
2290039502,청송로
2290198000,광탄천로
2290113500,중앙로
2290299800,책향기로
2290211701,책향기로
2290079502,
2290141101,율곡로
2290691700,보광로
2290306701,교하로
2290572500,파주로
2290100701,하우고개길
2290610502,
2290031001,반구정로
2290235303,원앙길
2290310301,동패로
2290574406,파주로
2290132601,중앙로
2290209600,심궁로
2290245400,유채꽃길
2290058000,동산5길
2290648501,혜음로
2290236400,중앙로
2290171100,명동길
2290135900,
2290089301,고봉로
2290049605,신촌로
2290212501,
2290690400,수도권제2순환고속도로
2290131401,
2290297000,
2290266512,헤이리로
2290277502,
2290044302,기산로
2290025409,술이홀로
2290204800,
2290183902,법흥로
2290647700,갈곡터널
2290112702,동산7길
2290089800,중앙로
2290619201,휴암로
2290670307,파평산로
2290006401,와동육교
2290004901,통일로
2290300600,
2290108502,문산역로
2290074201,
2290098102,오색나비길
2290215400,유채꽃길
2290204601,문발로
2290199501,혜음로
2290010800,
2290015609,갈현로
2290062101,사임당로
2290038501,
2290271700,새오리로
2290227301,
2290330201,방촌로
2290015512,평화로
2290670621,술이홀로
2290138403,장산로
2290622701,
2290277302,산업단지길
2290278301,
2290138100,충의로
2290189301,
2290281803,술이홀로
2290611800,
2290016301,심궁로
2290021312,부흥로
2290048202,
2290113002,동산7길
2290063600,자운서원로
2290110306,문산로40번길
2290582901,금월로
2290210401,
2290621101,술이홀로
2290685300,
2290607501,적성산단1로
2290331501,방촌로
2290184601,한록산길
2290078100,고추잠자리길
2290615403,
2290006902,파주로
2290167401,경의로
2290650302,중앙로
2290046500,
2290305801,미래로
2290645901,회동길
2290666301,
2290018904,방촌로
2290249001,회동길
2290166201,금빛로
2290018404,평화로
2290335500,당동1로
2290491500,
2290620100,
2290348400,
2290075400,
2290168501,명동길
2290124501,금빛로
2290660302,방축2교차로
2290236401,중앙로
2290014501,평화로
2290266802,새오리로
2290114302,방촌로
2290098701,고추잠자리길
2410260802,수원문산고속도로
2290015203,기산로
2290020812,혜음로
2290018008,쇠장이길
2290655301,양지로
2290153500,교하로
2290308502,경의로
2290262700,
2290239906,검산로
2290092300,
2290079303,쇠장이길
2290633100,
2290239930,검산로
2290072000,후곡로
2290204500,광인사길
2290647500,파주로
2290669909,술이홀로
2290453901,산내로
2290331500,당동1로, 방촌로
2290133304,금정로
2290236301,중앙로
2290290301,보광로
2290242501,
2290214300,책향기로
2290455006,해솔로
2290451701,책향기로
2290640402,
2290316500,가온로
2290070300,책향기로
2290112001,중앙로
2290277901,
2290171700,쇠재1길
2290582600,
2290117703,교하로
2290032701,사임당로
2290201000,아동로
2290601700,남북로
2290024801,우계로
2290636700,
2290639001,
2290039305,청송로
2290023116,오금로
2290182701,법흥로
2290026103,화합로
2290575000,화합로
2290372800,책향기로
2290655701,노을빛로
2290642001,
2290612600,
2290053201,술이홀로
2290256702,대원로
2290240700,검산로
2290590900,
2290042221,어삼로
2290042302,어삼로
2290029003,
2290335700,당동1로
2290011510,등원로
2290580100,
2290373902,미리내로
2290010208,
2290143200,누현길
2290162701,문향로17번길
2290017505,혜음로
2290013302,
2290403802,
2290035403,임진각로
2290283006,
2290655403,숲속노을로
2290135700,방촌로
2290025609,방촌로
2290015300,
2290588301,한울로
2290062206,화석정로
2290660503,새산수길
2290255501,문원길
2290262102,마음밭길
2290185500,
2290226701,회동길
2290498000,경의로
2290590200,신촌로
2290066801,청송로208번길
2290007405,장곡로
2290491701,
2290146300,
2290200200,가나무로
2290219301,보광로
2290154401,교하로
2290011714,보광로
2290585000,
2290042327,어삼로
2290023217,방촌로
2290239801,헤이리로
2290232401,
2290050900,평화로
2290079614,파평산로
2290333200,방촌로
2290249701,
2290261602,마음밭길
2290602402,가온로
2290026006,화합로
2290226200,
2290025801,자유로
2290309300,심학산로
2290245100,유채꽃길
2290157201,장승배기로
2290253001,헤이리로
2290100915,운정로
2290373904,미리내로
2290242200,
2290286303,배머리길
2290014101,풀무골로
2290404802,남북로
2290203300,광인사길
2290275502,엘지로
2290151400,
2290592701,
2290267200,방촌로
2290192603,뇌조로
2290599701,금바위로
2290644102,회동길
2290026109,화합로
2290134202,
2290656304,숲속노을로
2290144500,금정5길
2290074302,동산길
2290269000,엘씨디로
2290246500,책향기로
2290582205,대추길
2290047900,엘씨디로
2290470600,동패지하차도
2290209200,심궁로
2290059501,
2290634700,
2290608604,
2290018227,휴암로
2290197701,통일로
2290199100,장지산로
2290156702,통일로
2290254002,쇠재안길
2290572218,율곡로
2290011703,보광로
2290071203,문화로
2290011715,보광로
2290240403,검산로
2290156604,봉서산로
2290329504,
2290206301,
2290200602,금정2길
2290609902,
2290335403,엘지로
2290231800,
2290455105,미래로
2290442200,
2290155901,술이홀로
2290056500,동산5길
2290616401,
2290303903,동서대로
2290670305,파평산로
2290051600,새꽃로
2290634701,
2290328600,개포래로
2290057602,동산길
2290076801,오색나비길
2290572004,율곡로
2290129200,보광로
2290462000,감악산로
2290083001,
2290286215,배머리길
2290004800,고봉로
2290161000,문향로
2290278600,
2290029804,사임당로
2290038011,청송로
2290611701,
2290262600,
2290659701,파주로
2290452304,청암로17번길
2290405805,책향기로
2290132100,한산로
2290225702,
2290195701,
2290079603,파평산로
2290210000,만장산로
2290163901,교하로
2290624901,검산로
2290260401,자유로
2290200201,가나무로
2290167801,통일로
2290630201,신촌로
2290619002,휴암로
2290213400,
2290038716,설마천로
2290581601,
2290023106,오금교
2290619000,월롱산단길
2290057501,평화로
2290196001,
2290609402,와석순환로172번길
2290160900,문향로39번길
2290188801,청석로
2290007001,파주로
2290494501,
2290063301,천정구로
2290160602,문산역로
2290038707,설마천로
2290615502,
2290270303,엘지로
2290129700,
2290118005,
2290179607,
2290284500,
2290263803,
2290061605,자운서원로
2290294100,교하로
2290265001,하늘소로
2290660804,부흥로
2290493101,우계로
2290188001,책향기로
2290061602,자운서원로
2290119901,쇠재로
2290196401,
2290002011,자유로
2290004702,고봉로
2290119402,황골로
2290242107,
2290246201,
2290350900,술이홀로
2290088301,중앙로
2290049702,지목로
2290223400,책향기숲길
2290155200,
2290212300,책향기숲길
2290259101,내산길
2290224701,
2290093301,쇠재개울길
2290023120,방촌로
2290648203,해음로579번길
2290670107,술이홀로
2290016702,평화로
2290023036,
2290042311,어삼로
2290128401,파주로
2290128602,파주로
2290188800,청석로
2290300300,
2290300100,책향기로
2290334201,당동1로
2290309100,경의로
2290328700,문향로39번길
2290346400,
2290326100,경의로
2290443102,파주로
2290442400,
2290664101,
2290107202,문화로
2290036900,
2290096801,
2290128601,홀작로
2290150201,동거리길
2290074701,
2290294800,한빛로
2290039409,청송로
2290315100,해솔로
2290133201,
2290649101,수원문산고속도로
2290197201,도감로
2290043300,금정3길
2290203401,평화누리 자전거길
2290139402,통일로
2290410902,금월로
2290226205,
2290576501,적성산단로
2290028701,문산로
2290492701,
2290016006,자유로
2290278800,
2290242905,필승로
2290244602,필승로
2290679100,
2290491200,
2290587701,대원로
2290648409,혜음로
2290037405,만월로
2290001920,자유로
2290128505,홀작로
2290212902,책향기숲길
2290038402,청송로
2290062303,화석정로
2290574302,파주로
2290205601,
2290266409,헤이리로
2290670401,금곡교
2290002005,자유로
2290138400,장산로
2290572703,파주로
2290589306,동패로
2290604102,청암로48번길
2290608618,
2290617702,혜음로
2290220404,만장산로
2290100819,운정로
2290272000,방촌로
2290058300,문향로
2290285705,구암로
2290230401,
2290118506,방촌로
2290012514,혜음로
2290664403,통일로
2290677900,
2290087200,
2290218701,
2290154201,교하로
2290199802,보광로
2290325500,서영로
2290138510,
2290026605,사임당로
2290148502,교하로
2290297600,
2290160302,
2290215901,유채꽃길
2290176801,직지길
2290638700,회동길
2290605501,
2290164005,교하로
2290255701,숲속노을로
2290213900,안개초길
2290233200,
2290164400,교하로
2290193200,
2290030401,
2290023501,방촌로
2290029912,
2290116301,교하로
2290058401,문향로
2290151901,
2290106703,마무리길
2290655501,
2290172500,
2290027603,사임당로
2290035404,통일로
2290459605,
2290099601,오색나비길
2290460007,가람로150번길
2290293000,동패로
2290335803,당동1로
2290625400,
2290658402,
2290013909,등원로
2290163200,개포래로
2290323800,솥뒤로
2290281702,엘씨디로
2290006905,
2290035505,임진각로
2290104901,후곡로
2290648408,혜음로
2290072700,새꽃로
2290129100,보광로
2290224602,
2290028902,우계로
2290263802,송화로
2290283007,
2290271800,평화로
2290285500,구암로
2290204100,
2290001922,자유로
2290097701,파주로
2290288801,운정역길
2290328800,문향로39번길
2290294201,교하로
2290669913,술이홀로
2290628802,금월로
2290002801,통일로
2290572200,동서로
2290599900,운정역길
2290275619,월롱산로
2290107203,문화로
2290137700,문발교
2290635000,재두루미길
2290197204,도감로
2290331300,
2290452804,청암로
2290139102,마정로
2290038725,설마천로
2290100919,운정로
2290252202,파주로
2290681600,
2290138516,당동1로
2290157600,파평산로
2290198201,광탄천로
2290002007,자유로
2290224902,
2290644300,
2290619901,
2290169200,파주로
2290674904,정문로
2290670202,술이홀로
2290296200,가온로
2290057002,동산6길
2290261201,평화로
2290178200,문발로
2290140607,율곡로
2290215602,유채꽃길
2290128506,홀작로
2290134805,
2290243400,
2290038401,청송로
2290458201,가람로
2290166000,금릉역로
2290156631,봉서산로
2290301500,와석순환로
2290182900,법흥로
2290017300,혜음로
2290257001,대원로
2290492201,
2290249200,회동길
2290100918,운정로
2290304901,
2290661102,보광로
2290229301,
2290656101,심학산로
2290277200,
2290106000,후곡로
2290162900,개포래로
2290127202,봉천로
2290214800,노을빛로
2290333000,당동2로
2290459104,
2290210500,
2290019025,방촌로
2290459604,
2290014100,평화로
2290696700,노을빛로
2290074500,동산3길
2290011502,
2290141200,
2290606500,적성산단로
2290058400,문향로
2290029612,사임당로
2290593603,
2290152900,교하로
2290666701,통일로
2290111901,가나무로
2290605000,
2290674919,정문로
2290683800,
2290261400,시청로
2290225411,파발로
2290286313,배머리길
2290178000,문발로
2290113900,방촌로
2290575100,파주로
2290020101,
2290173400,청석로
2290607402,적성산단로
2290038624,설마천로
2290037413,만월로
2290043700,파주로
2290005801,파주로
2290143103,천정구로
2290266727,새오리로
2290333202,방촌로
2290114506,방촌로
2290683300,
2290198905,진지로
2290166601,
2290301002,와석순환로
2290246600,책향기로
2290037509,만월로
2290021809,통일로
2290038637,감악산로
2290595001,
2290693100,
2290190001,
2290197800,광탄천로
2290277201,
2290451900,교하로
2290034601,통일로
2290079100,사슴벌레로73번길
2290144402,금정5길
2290240900,검산로
2290230701,
2290133001,금정로
2290115501,당동2로
2290032402,오현로
2290037417,만월로
2290019003,방촌로
2290231201,
2290238501,쇠재2길
2290201100,아동로
2290583900,
2290128301,파주로
2290335301,서영로
2290098901,고추잠자리길
2290210301,
2290009500,기곡길
2290313200,가온로
2290313100,가온로
2290237800,동산3길
2290128512,홀작로
2290001801,명봉산로
2290597900,
2290098501,오색나비길
2290226000,
2290620902,
2290620903,
2290244802,유채꽃길
2290138820,사목로
2290030801,율곡로
2290007402,명봉산로
2290216800,참매미길
2290045100,
2290625700,
2290673503,책향기로
2290251401,
2290027705,사임당로
2290492703,
2290586301,마무리길
2290651203,수원문산고속도로
2290109401,문향로
2290012511,혜음로
2290162901,문산역로
2290079705,파평산로
2290695500,심학산로
2290579001,월롱산단1길
2290088001,중앙로
2290640900,교하로
2290692800,적성IC교
2290632400,재두루미길
2290164806,소라지로
2290018007,쇠장이길
2290039315,칠중1길
2290596001,문발로
2290011001,
2290311800,
2290234602,새꽃로
2290459009,
2290238500,쇠재2길
2290638701,회동길
2290023024,방축2교차로
2290312301,한울로
2290035309,율곡로
2290013805,기산로
2290288807,운정역길
2290208600,보광로
2290607400,적성산단로
2290012603,혜음로
2290023410,자유로
2290670703,술이홀로
2290582103,연풍로
2290018112,월롱산로
2290158800,하늘소로
2290234505,새꽃로
2290133401,금정로
2290025001,
2290190900,봉천로
2290683500,
2290291900,동서대로
2290232601,책향기숲길
2290244401,필승로
2290028100,만월로
2290275721,월롱산로
2290458901,
2290024004,
2290164824,소라지로
2290625502,
2290146001,청석로
2290079710,파평산로
2290003806,고봉로
2290110901,문산로
2290274408,엘씨디로
2290492203,
2290156705,봉서산로
2290460012,가람로
2290651303,수원문산고속도로
2290220301,만장산로
2290032103,율곡로
2290146401,청석로
2290595800,
2290032411,오현로
2290067101,청송로
2290125202,새꽃로
2290142700,천정구로
2290191101,송비말길
2290641001,교하로
2290257102,능안로
2290647401,파주로
2290063100,경의로
2290259603,
2290300900,와석순환로
2290038410,
2290159200,법흥로
2290168701,파주로
2290069600,책향기로
2290309400,심학산로
2290061610,자운서원로
2290602201,
2290053702,법원로
2290132200,
2290024103,통일로
2290021100,휴암로
2290231601,
2290038442,청송로
2290671602,감악산로
2290257000,대원로
2290138405,장산로
2290092002,
2290575800,
2290199807,보광로
2290193402,
2290577301,
2290652904,방촌로
2290174700,참매미길
2290579002,월롱산단길
2290271205,
2290008007,명봉산로
2290373400,책향기로
2290064505,율곡로
2290660507,부흥로
2290225704,술이홀로
2290579702,월롱산단3길
2290053202,화합로
2290214101,노을빛로
2290015509,평화로
2290661602,파주로
2290076200,새꽃로
2290294500,한빛로
2290106206,
2290037411,만월로
2290009301,보광로
2290058001,동산길
2290229601,
2290012303,
2290010002,기곡길
2290664301,통일로
2290607700,적성산단로
2290246300,책향기로
2290608518,
2290042004,율곡로
2290167404,경의로
2290693200,
2290184000,필승로
2290062403,화석정로
2290168900,교하지하차도
2290579200,월롱산단길
2290250000,
2290318800,경의로
2290134302,새꽃로
2290102301,천정구로
2290330400,
2290114606,문향로75번길
2290657001,양지로
2290118003,교하로
2290002201,통일로
2290687800,주라위길
2290641900,
2290605401,
2290612101,경의로
2290054300,
2290495001,우계로
2290089500,고봉로
2290243301,
2290301901,심학산로
2290266702,새오리로
2290174400,풍뎅이길
2290655504,심학산로
2290238100,쇠재안길
2290197700,광탄천로
2290089602,고봉로
2290026008,화합로
2290095800,
2290026007,
2290222600,
2290655402,숲속노을로
2290249401,회동길
2290643101,
2290098601,오색나비길
2290149101,청암로
2290182001,문발로
2290154902,문발로
2290047001,책향기숲길
2290033604,자유로
2290205901,
2290572008,동서로
2290307200,와석순환로
2290264700,하늘소로
2290695900,심학산로
2290035704,
2290293600,교하로
2290134702,
2290165400,파주로
2290175601,풍뎅이길
2290010203,통일로
2290215000,유채꽃길
2290188600,청석로
2290061101,
2290275714,월롱산로
2290187700,
2290164813,소라지로
2290258002,능안로
2290497002,
2290675200,
2290314001,금바위로
2290225805,오봉골길
2290203900,
2290571906,동서로
2290239927,검산로
2290214400,노을빛로
2290611100,
2290493502,
2290290000,운정역길
2290582802,엘씨디로
2290206900,
2290645900,회동길
2290211502,청석로
2290216001,유채꽃길
2290069101,유채꽃길
2290007306,장곡로
2290351001,술이홀로
2290588501,와석순환로
2290030901,율곡로
2290137902,충의로124번길
2290584801,
2290626200,
2290310001,교하로
2290013813,기산로
2290026610,사임당로
2290151100,평화누리 자전거길
2290587303,내산길
2290324700,솥뒤로
2290021200,휴암로
2290043400,금정3길
2290100816,
2290674808,정문로
2290306200,미래로
2290239001,쇠재1길
2290594900,
2290084800,율곡로
2290295202,미래로408번길
2290592901,원앙길
2290104702,
2290082800,쇠재개울길
2290572701,파주로
2290236201,중앙로
2290020803,혜음로
2290084400,쇠재1길
2290670713,술이홀로
2290054502,부흥로21번길
2290139001,통일로
2290098300,오색나비길
2290404702,
2290168800,
2290673502,책향기로
2290160101,풍뎅이길
2290648504,혜음로
2290605500,
2290071402,중앙로
2290065500,율곡로
2290615700,
2290019009,방촌로
2290037517,만월로
2290095900,
2290609100,
2290408907,금월로
2290199901,보광로
2290326802,휴암로
2290455103,해솔로
2290075200,금정3길
2290460204,
2290347801,파주로
2290626901,헤이리로
2290012612,혜음로
2290067512,장마루로
2290026707,사임당로
2290674501,수원문산고속도로
2290230500,
2290686401,
2290025613,방촌로
2290002013,자유로
2290254100,쇠재개울길
2290587401,내산길
2290013803,기산로
2290631000,신촌3로
2290304000,가온로
2290325600,천정구로
2290170900,
2290236603,문화로
2290013918,등원로
2290644700,회동길
2290072200,후곡로
2290210100,동거리길
2290255002,중앙로
2290664801,통일로
2290652501,수원문산고속도로
2290184603,한록산길
2290219406,만장산로
2290030702,자유로
2290451605,교하로
2290020809,혜음로
2290130801,
2290592000,
2290074800,
2290067507,장마루로
2290495200,
2290132901,새꽃로
2290612700,
2290044900,
2290280802,
2290180301,
2290591101,문발로
2290573502,파주로
2290680800,
2290698700,노을빛로
2290268800,엘씨디로
2290405603,심학산로
2290185101,청석로
2290129701,
2290045802,책향기로
2290404502,
2290200100,
2290007308,장곡로
2290008500,파주로
2290075801,새꽃로
2290164502,문발들길
2290648302,혜음로
2290662005,휴암로
2290263702,
2290021303,발랑교
2290115700,당동2로
2290269600,엘지로
2290023800,정문로
2290200901,아동로
2290079805,술이홀로
2290633200,문발로
2290580001,자운서원로
2290287602,산남로
2290022104,방촌로
2290088201,
2290025903,자유로
2290098800,고추잠자리길
2290016007,자유로
2290002901,
2290373903,미리내로
2290120500,금빛로
2290176800,직지길
2290625001,웅지로
2290231700,
2290573904,
2290622801,
2290581001,
2290408200,금월로
2290035702,임진각로
2290319400,미래로602번길
2290137101,
2290038505,청송로
2290253302,쇠재안길
2290593601,가나무로
2290573001,보광로
2290040215,율곡로
2290318402,
2290285200,
2290082500,쇠재개울길
2290637300,문발로
2290104800,
2290302801,
2290454003,교하로
2290136600,
2290038103,청송로
2290637701,문발로
2290099401,법흥로
2290121401,새꽃로
2290156602,봉서산로
2290042223,
2290612501,
2290248200,회동길
2290630600,신촌2로
2290248900,회동길
2290116200,충의로
2290596600,금정28길
2290067903,장마루로
2290023302,자유로
2290660403,부흥로
2290682900,
2290205200,문발로
2290606302,
2290082702,쇠재개울길
2290071800,문화로
2290014102,평화로
2290256804,대원로
2290008807,경의로
2290182100,
2290076501,
2290013910,등원로
2290209001,보광로
2290442001,파주로
2290141300,
2290224901,술이홀로
2290148102,방촌로
2290302902,경의로
2290295200,미래로408번길
2290121901,고추잠자리길
2290198005,광탄천로
2290273001,필승로
2290069800,책향기로
2290102402,천정구로
2290047200,노을빛로
2290276400,엘지로
2290328900,
2290616001,
2290061727,자운서원로
2290286211,배머리길
2290090703,율곡로
2290668501,통일로
2290034700,통일로
2290615200,
2290074400,동산3길
2290170600,
2290694600,교하로
2290696600,
2290202201,금정18길
2290636801,
2290234701,시청로
2290603000,
2290625007,웅지로
2290248102,회동길
2290689209,여울길
2290022002,혜음로
2290118500,방촌로
2290702300,
2290203700,
2290146902,숲속노을로
2290176501,얼음실로
2290300400,
2290080001,엘지로
2290033102,
2290304500,미래로
2290336202,평화로
2290672801,청석로
2290038560,청송로
2290043401,금정3길
2290140501,율곡로
2290221900,숲속노을로
2290326404,엘지로
2290135501,한산로
2290672001,감악산로
2290121601,고추잠자리길
2290587302,
2290604000,
2290638801,
2290070301,청석로
2290079901,혜음로
2290219002,동거리길
2290664705,통일로
2290117905,교하로
2290310500,금바위로
2290408100,금월로
2290056901,동산6길
2290204201,
2290126700,
2290581400,
2290588500,
2290493202,
2290310000,교하로
2290124101,참매미길
2290226900,
2290074100,동산1길
2290079400,보광로
2290669902,술이홀로
2290179604,
2290061000,
2290602002,
2290299300,와석순환로
2290402800,남북로
2290061603,자운서원로
2290246001,책향기로
2290034011,통일로
2290161602,문향로
2290032102,
2290058602,문향로
2290641601,문발로
2290594404,수원문산고속도로
2290655003,
2290284902,율곡로
2290169804,남북로
2290267901,
2290172000,쇠재개울길
2290311901,와석순환로
2290099300,법흥로
2290039204,
2290191901,뇌조로
2290070801,숲속노을로
2290408904,금월로
2290007401,장곡로
2290228700,
2290038556,청송로
2290003704,고봉로
2290032507,오현로
2290634900,
2290192006,뇌조로
2290038506,청송로
2290225104,술이홀로
2290001914,자유로
2290580201,사임당로
2290031801,통일로
2290038720,설마천로
2290588400,
2290174801,참매미길
2290608505,
2290676900,
2290670618,술이홀로
2290016509,통일로
2290243002,
2290638301,
2290146800,
2290127600,고산교
2290251700,
2290246700,책향기로
2290108700,문산역로
2290122800,하늘소로
2290153400,교하로
2290035308,율곡로
2290076402,
2290191202,봉천로
2290082900,쇠재로
2290177200,직지길
2290053400,
2290069301,유채꽃길
2290027901,화합로
2290156707,
2290200700,금정4길
2290037604,율곡로
2290145600,
2290254907,중앙로
2290106103,시청로
2290243900,
2290587301,내산길
2290104202,평화로
2290020500,
2290177701,문발로
2290129013,보광로
2290259004,통일로
2290173801,
2290673403,책향기로
2290018919,방촌로
2290069900,책향기로
2290385001,동서로
2290596203,도감로
2290266401,헤이리로
2290653901,
2290220310,만장산로
2290112900,평화로
2290286212,배머리길
2290158101,참매미길
2290114604,
2290142800,교하로
2290207700,
2290239500,쇠재안길
2290308204,가온로
2290108701,문산역로
2290638600,회동길
2290227701,
2290220701,부흥로
2290097200,
2290634001,
2290038920,통일로
2290690100,수도권제2순환고속도로
2290070500,숲속노을로
2290624906,웅지로
2290670603,술이홀로
2290193702,방촌로
2290334301,당동1로
2290161100,문향로39번길
2290294605,한빛로
2290237900,동산3길
2290163101,
2290648103,혜음로
2290196101,
2290200600,금정4길
2290212500,
2290324405,솥뒤로
2290578700,
2290038451,청송로
2290675800,
2290323401,
2290170501,광인사길
2290659601,파주로
2290572601,파주로
2290026004,화합로
2290403701,교하로
2290082602,쇠재개울길
2290595301,
2290136500,
2290059400,
2290029808,사임당로
2290243001,필승로
2290008901,장곡로
2290183800,약산로
2290309201,경의로
2290039408,청송로
2290165700,파주로
2290275401,엘지로
2290261503,시청로
2290071101,금정로
2290287800,산남로
2290170204,평화누리 자전거길
2290326701,
2290609000,
2290063101,
2290162101,문향로17번길
2290493700,
2290205801,
2290295600,한빛로
2290614401,
2290119202,금정4길
2290582401,통일로
2290672101,감악산로
2290078300,평화로
2290024401,술이홀로
2290038047,청송로
2290326401,엘지로
2290239501,쇠재안길
2290452603,산내로
2290192501,뇌조로
2290128901,보광로
2290106601,시민회관길
2290128603,홀작로
2290022607,술이홀로
2290314200,동서대로
2290335602,당동1로
2290576802,적성산단1로
2290581402,
2290182000,문발로
2290302800,
2290275800,월롱산로
2290608903,
2290177401,문발로
2290125801,해바라기길
2290025100,자유로
2290280700,
2290035214,율곡로
2290655902,심학산로
2290090315,자장로
2290050100,
2290045600,
2290093901,
2290322500,파주로
2290670820,술이홀로
2290039211,청송로
2290577102,당동1로
2290246401,책향기숲길
2290014007,등원로
2290270305,
2290616901,
2290059101,문향로
2290351700,파발로
2290270405,엘지로
2290167301,경의로
2290306600,와석순환로
2290685400,
2290323700,솥뒤로
2290066200,파평산로
2290111300,동산3길
2290107700,시청로
2290127500,
2290239905,
2290198003,광탄천로
2290268500,
2290266410,헤이리로
2290006700,명봉산로
2290097402,
2290669807,술이홀로
2290223500,책향기숲길
2290188700,청석로
2290090316,자장로
2290253601,쇠재2길
2290061721,자운서원로
2290679500,
2290220901,
2290105901,
2290690200,수도권제2순환고속도로
2290661806,방촌로
2290492205,
2290293900,교하로
2290261102,방촌로649번길
2290043301,금정3길
2290045401,
2290491100,
2290458503,
2290209406,심궁로
2290670108,술이홀로
2290042324,
2290251000,책향기로
2290317700,교하로
2290018600,평화로
2290126901,
2290187201,책향기로
2290201200,아동로
2290574202,화합로
2290411101,금월로
2290460503,
2290641600,
2290145000,봉천로
2290015907,자유로
2290606400,
2290202702,
2290179605,회동길
2290264400,사슴벌레로
2290280400,
2290674902,주월교
2290013927,등원로
2290102806,천정구로
2290256100,숲속노을로
2290231801,
2290039402,청송로
2290588901,와석순환로
2290336600,평화로
2290018910,방촌로
2290213901,안개초길
2290037704,율곡로
2290102803,천정구로
2290622203,
2290619900,
2290015607,갈현로
2290307801,와석순환로
2290661302,부흥로
2290271101,휴암로
2290494300,
2290261407,시청로
2290208800,보광로
2290275605,월롱산로
2290621406,오봉골길
2290044801,사임당로
2290021304,부흥로
2290240002,검산로
2290573102,보광로
2290089801,중앙로
2290023404,자유로
2290614502,
2290612400,
2290670609,술이홀로
2290177001,문발로
2290252300,숲속노을로
2290689101,광탄천로
2290038625,설마천로
2290189300,
2290266801,방촌로
2290136802,엘지로
2290213300,
2290319901,동서대로
2290144100,
2290050800,평화로
2290211100,책향기숲길
2290263001,
2290285607,구암로
2290157100,장승배기로
2290024114,통일로
2190224001,
2290023600,엘지로
2290302300,미래로
2290021727,엘지로
2290590204,신촌로
2290292800,동패로
2290331701,
2290093700,
2290613900,
2290058501,문향로
2290180900,
2290293101,동패로
2290099200,고추잠자리길
2290255502,문원길
2290573504,파주로
2290663901,파주로
2290255003,중앙로
2290266739,새오리로
2290204700,문발로
2290151701,장승배기로
2290451702,책향기로
2290138602,당동1로
2290026704,사임당로
2290496300,
2290105801,동산8길
2290142701,천정구로
2290238301,쇠재안길
2290602302,가온로
2290611600,
2290582904,검바위길
2290257100,능안로
2290164102,수선화길
2290015808,정문로
2290058600,문산역로
2290688800,
2290113501,중앙로
2290228901,문발로
2290408202,금월로
2290572302,파주로
2290205802,
2290021302,부흥로
2290090901,솥뒤로
2290300601,
2290640501,심학산로
2290572207,동서로
2290200102,
2290700600,
2290248201,회동길
2290320601,남북로
2290200800,금정로
2290228401,
2290597102,새꽃로
2290191601,통일로
2290667301,통일로
2290213401,
2290232900,
2290603302,
2290310100,교하로
2290117500,청석교
2290594103,안능안길
2290650902,수원문산고속도로
2290262201,
2290048801,아동로
2290044701,사임당로
2290613500,
2290038634,설마천로
2290056502,동산5길
2290055701,한마음2길
2290067504,
2290102501,천정구로
2290327500,서영로
2290023309,자유로
2290575205,파주로
2290291800,동서대로
2290666601,통일로
2290120902,금빛로
2290172901,청석로
2290018917,방촌로
2290295500,미래로408번길
2290144200,
2290105200,
2290644901,
2290038817,통일로
2290629000,
2180027422,보광로
2290199605,장지산로
2290023304,자유로
2290087300,쇠재2길
2290089201,
2290631502,신촌2로
2290175801,풍뎅이길
2290269400,
2290694200,심학산로
2290240028,검산로
2290581500,
2290031411,술이홀로
2290037002,율곡로
2290131600,한산로
2290116801,교하로
2290265701,풍뎅이길
2290220900,
2290318501,경의로
2290243102,
2290023902,우계로
2290037605,율곡로
2290373900,미리내로
2290108200,시청로
2290023119,방촌로
2290242801,성동로
2290278500,
2290027902,화합로
2290013911,등원로
2290652601,수원문산고속도로
2290035001,통일로
2290292101,동패로
2290245000,유채꽃길
2290209309,심궁로
2290127901,
2290140700,
2290009402,보광로
2290124401,금빛로
2290670304,파평산로
2290239915,검산로
2290018107,산들로
2290148200,
2290113600,금정28길
2290208602,보광로
2290109900,문향로
2290640300,문발로
2290002503,천정구로
2290090305,자장로
2290018232,금월로
2290193304,
2290583901,
2290598801,
2290184002,필승로
2290190704,송비말길
2290164101,교하로
2290077600,참매미길
2290117903,교하로
2290498001,경의로
2290039509,감악산로
2290647002,통일로
2290608302,적성산단로
2290038607,설마천로
2290018226,산들로
2290605902,동패로
2290463101,감악산로
2290013913,등원로
2290316001,책향기로
2290034501,율곡로
2290015106,기산로
2290140900,경의로
2290204701,문발로
2290171200,금정로
2290306000,
2290249201,회동길
2290173101,청석로
2290067513,장마루로
2290108504,문산역로
2290025310,사임당로
2290014601,평화로
2290329100,
2290142902,교하로
2290244000,
2290037403,만월로
2290210802,
2290125400,새꽃로
2290213101,책향기로
2290688201,
2290226001,술이홀로
2290079606,파평산로
2290038610,설마천로
2290285606,구암로
2290050302,동산7길
2290573101,파주로
2290639200,
2290583402,오금로
2290295401,한빛로
2290208801,보광로
2290061712,자운서원로
2290583100,
2290078700,사슴벌레로
2290021410,부흥로
2290018208,산들로
2290207000,
2290199603,장지산로
2290671902,감악산로
2290104000,
2290281500,
2290660202,방축2교차로
2290255201,대원로
2290025207,사임당로
2290023321,자유로
2290405709,책향기로
2290090503,율곡로
2290102804,천정구로
2290158400,참매미길
2290061725,자운서원로
2290626100,
2290574201,화합로
2290005602,통일로
2290458508,소리천로
2290110702,문향로75번길
2290229501,
2290088002,가나무로
2290633800,재두루미길
2290092400,쇠재1길
2290196900,
2290184502,한록산길
2290058904,문향로
2290242805,성동로
2290638001,문발로
2290209900,만장산로
2290252201,숲속노을로
2290256903,대원로
2290603203,
2290619001,월롱산단길
2290023310,자유로
2290150701,동거리길
2290021828,통일로
2290013706,기산로
2290599201,
2290094701,
2290203601,
2290225806,술이홀로
2290323300,솥뒤로
2290015605,가시내길
2290330900,
2290180200,문발로
2290247701,문발로
2290403101,남북로
2290638900,회동길
2290038622,설마천로
2290210302,혜음로
2290038445,청송로
2290665801,통일로
2290629803,신촌로
2290618101,월롱산단길
2290204901,
2290050802,평화로
2290603100,
2290268000,방촌로
2290128801,기산로
2290580900,
2290608506,
2290240402,검산로
2290253301,쇠재안길
2290411600,
2290702900,운정지하차도
2290073701,쇠재로
2290201602,아동로
2290103401,한마음2길
2290029603,사임당로
2290055001,화합로
2290266645,새오리로
2290095803,청송로
2290018601,평화로
2290303500,한울로
2290135001,
2290656303,숲속노을로
2290061733,자운서원로
2290220000,만장산로
2290590501,신촌3로
2290069204,유채꽃길
2290175202,참매미길
2290214301,책향기로
2290113801,
2290408902,금월로
2290198900,진지로
2290590901,
2290198113,광탄천로
2290012622,혜음로
2290166301,
2290184100,
2290119404,
2290247100,숲속노을로
2290240015,검산로
2290002906,명봉산로
2290606001,
2290066001,파평산로
2290222400,
2290674401,
2290267502,
2290107000,시청로
2290330101,당동1로, 방촌로
2290670709,술이홀로
2290278701,
2290123901,참매미길
2290088101,중앙로
2290268100,
2290265103,
2290012610,
2290007800,
2290139800,통일로
2290133403,금정로
2290492400,
2290319201,책향기로
2290317503,교하로
2290038623,설마천로
2290151300,
2290027602,사임당로
2290588200,가재울로
2290158300,참매미길
2290026106,화합로
2290316300,가온로
2290109301,문산역로
2290695600,심학산로
2290237402,
2290602100,
2290053302,화합로
2290576302,적성산단로
2290623100,
2290575600,
2290251200,
2290224202,책향기숲길
2290589403,동패로
2290167101,경의로
2290269702,
2290074000,동산길
2290111200,동산3길
2290266638,새오리로
2290198101,광탄천로
2290326402,휴암로
2290154601,교하로
2290573900,
2290672002,감악산로
2290250001,
2290055903,동산8길
2290267900,
2290037609,율곡로
2290463802,장마루로
2290196200,
2290046001,
2290634100,
2290682700,
2290179501,
2290319000,가람로
2290582105,연풍로
2290089702,
2290185901,
2290582000,연풍로
2290027402,통일로
2290067701,장마루로
2290240024,검산로
2290140300,율곡로
2290236100,아동로
2290018302,얼음실로
2290629501,천정구로
2290038502,청송로
2290076000,번영로
2290025312,사임당로
2290010308,파주로
2290258302,
2290625302,
2290218600,
2290096100,율곡로
2290062900,마음밭길
2290272601,
2290201801,금정14길
2290224301,
2290141700,파주로
2290081900,
2290029807,
2290288900,운정역길
2290229500,
2290273601,청석로
2290324402,솥뒤로
2290323000,통일로
2290248301,회동길
2290028101,화합로
2290150500,혜음로
2290572801,파주로
2290053500,
2290630602,신촌2로
2290331600,당동1로, 방촌로
2290145900,
2290118501,방촌로
2290234800,시청로
2290610402,
2290028601,문산로
2290088701,통일로
2290334101,당동1로
2290248700,회동길
2290135800,
2290268403,웅지로
2290042102,
2290133100,새꽃로
2290234700,
2290191400,대원로
2290067800,진동로
2290275617,월롱산로
2290621700,연풍로
2290164703,소라지로
2290653601,수원문산고속도로
2290575005,화합로
2290280201,
2290050200,동산7길
2290112701,동산3길
2290373901,
2290583102,
2290641301,
2290584902,
2290455106,해솔로
2290333501,당동2로
2290630501,신촌1로
2290122100,참매미길
2290049705,지목로
2290572127,율곡로
2290150300,동거리길
2290154702,교하로
2290018909,방촌로
2290577601,
2290325601,경의로
2290605201,와석순환로172번길
2290090101,자장로17번길
2290333500,
2290052701,동산2길
2290266418,헤이리로
2290621001,
2290492001,
2290160500,율곡로
2290022501,정문로
2290117914,교하로
2290460403,
2290227501,광인사길
2290214000,해바라기길
2290198600,
2290266714,새오리로
2290348000,등원로
2290633900,문발로
2290043501,
2290641300,
2290661103,보광로
2290409002,금월로
2290273300,
2290114502,방촌로
2290039202,청송로
2290617001,
2290196600,
2290207500,
2290008806,경의로
2290583800,
2290210602,혜음로
2290146600,
2290289300,운정역길
2290042329,어삼로
2290689106,여울길
2290022106,방촌로
2290198110,광탄천로
2290624300,
2290025509,술이홀로
2290679900,
2290037507,만월로
2290150800,
2290586200,
2290642300,문예로
2290017902,쇠장이길
2290597501,
2290042228,어삼로
2290283900,술이홀로
2290030500,
2290042501,금정5길
2290629101,교하로
2290266721,새오리로
2290114401,방촌로
2290619600,
2290277800,
2290079804,술이홀로
2290087400,쇠재로
2290126201,해바라기길
2290079001,평화로
2290064503,
2290402402,남북로
2290281904,술이홀로
2290106302,시청로
2290238201,쇠재안길
2290049612,지목로
2290585500,
2290026005,화합로
2290649801,
2290228300,광인사길
2290692300,감악산로
2290225207,술이홀로
2290201800,중앙로
2290290200,운정역길
2290625004,웅지로
2290021812,통일로
2290206201,
2290020401,
2290594301,능안사거리
2290281801,술이홀로
2290068401,안개초길
2290020302,자유로
2290327100,
2290698300,노을빛로
2290335006,휴암로
2290653802,
2290038618,설마천로
2290042224,
2290266416,헤이리로
2290190301,
2290455005,책향기로
2290277100,
2290173102,청석로
2290120200,금빛로
2290604301,청석로
2290164804,소라지로
2290581300,
2290301400,와석순환로
2290459300,와석순환로
2290114303,방촌로
2290024403,술이홀로
2290607101,적성산단로
2290124301,금빛로
2290252600,노을빛로
2290643201,
2290023308,자유로
2290011801,보광로
2290055211,만월로
2290025712,방촌로
2290127102,대원로
2290093101,쇠재개울길
2290328802,문향로17번길
2290048900,아동로
2290218300,
2290067505,장마루로
2290650101,
2290462500,감악산로
2290231301,
2290031416,술이홀로
2290686500,
2290632901,문발로
2290643900,
2290664201,통일로
2290607401,적성산단로
2290122200,참매미길
2290046900,책향기숲길
2290460111,가람로
2290032203,사임당로
2290008001,
2290404602,남북로
2290202001,중앙로
2290689400,
2290666101,통일로
2290252101,파주로
2290650001,
2290406903,
2290595801,
2290347900,파주로
2290330000,당동1로, 방촌로
2290112501,새꽃로
2290181500,문발로
2290024308,술이홀로
2290158601,하늘소로
2290226902,
2290588802,
2290105100,동산2길
2290039312,청송로
2290259502,
2290222300,숲속노을로
2290075702,새꽃로
2290103602,
2290012301,경의로
2290090406,자장로
2290600701,
2290119401,
2290587300,내산길
2290039100,청송로
2290299700,책향기로
2290574204,화합로
2290202200,
2290266717,새오리로
2290067405,장마루로
2290596701,새꽃로
2290240032,검산로
2290059500,
2290495000,우계로
2290452700,산내로
2290207900,
2290287701,산남로
2290452802,책향기로
2290015906,자유로
2290061200,
2290255505,문원길
2290643701,
2290492903,
2290184700,헤이리로
2290138705,사목로
2290169101,파주로
2290234100,아동로
2290329600,
2290062302,화석정로
2290613004,탄현로
2290238400,쇠재안길
2290572100,율곡로
2290575203,파주로
2290106204,시청로
2290304100,가온로
2290178101,문발로
2290373300,책향기로
2290145101,고봉로
2290282601,혜음로
2290260602,자유로
2290105700,동산2길
2290138507,당동1로
2290048400,
2290105702,동산6길
2290607200,적성산단로
2290007906,명봉산로
2290199604,장지산로
2290265502,필승로
2290329201,
2290326405,휴암로
2290613701,
2290090314,자장로
2290211101,
2290683000,
2290038142,청송로
2290023002,혜음로
2290114501,방촌로
2290299900,책향기로
2290100901,운정로
2290604900,
2290609401,와석순환로172번길
2290658301,남북로
2290595400,
2290657402,물향기1로
2290702200,
2290599400,
2290187001,
2290670705,술이홀로
2290104602,평화로
2290329502,
2290065701,
2290373301,책향기로
2290626700,
2290158501,참매미길
2290577801,
2290086401,
2290017502,등원로
2290243401,
2290639100,회동길
2290592002,
2290028501,
2290670921,술이홀로
2290018801,평화로
2290129004,보광로
2290689300,
2290207200,
2290172801,교하로
2290197002,도감로
2290111201,동산5길
2290061711,자운서원로
2290299600,와석순환로
2290090415,자장로
2290311200,
2290180700,문발로
2290158801,사슴벌레로
2290039405,
2290151900,
2290272100,
2290336602,평화로
2290317200,가온로
2290021404,부흥로
2290147200,경의로
2290324100,술이홀로
2290002902,명봉산로
2290021825,통일로
2290028700,개포래로
2290452202,교하로
2290583501,검산로
2290013715,기산로
2290166701,경의로
2290610601,
2290013709,기산로
2290118012,교하로
2290307300,
2290263902,
2290329701,
2290201401,새꽃로
2290315601,
2290061800,자운서원로
2290038145,청송로
2290061738,자운서원로
2290249300,회동길
2290330700,
2290605301,
2290453702,산내로
2290269701,
2290459107,
2290038562,청송로
2290582501,엘지로
2290087401,
2290640200,회동길
2290663401,새산수길
2290264003,월롱산로
2290182301,평화로
2290605800,
2290245200,유채꽃길
2290578501,문현말길
2290248002,회동길
2290691800,보광로
2290313703,금바위로
2290109101,문산역로
2290254300,쇠재개울길
2290453701,
2290134904,
2290331400,
2290669801,술이홀로
2290063400,교하로
2290135200,
2290011610,등원로
2290593500,
2290311600,가온로
2290270307,엘지로
2290103702,
2290262001,마음밭길
2290283108,
2290583301,오금로
2290659203,청암로
2290067000,청송로208번길
2290164700,소라지로
2290351600,술이홀로
2290166602,번영로
2290622102,
2290107601,시청로
2290685900,
2290079202,참매미길
2290655702,청석로
2290133800,금정4길
2290106600,시청로
2290403800,
2290404701,남북로
2290270500,엘씨디로
2290346801,
2290138101,충의로
2290177800,문발로
2290051601,새꽃로
2290193606,방촌로
2290111903,가나무로
2290304703,가람로
2290024208,통일로
2290238702,쇠재안길
2290638800,회동길
2290108201,시청로
2290588600,
2290592800,
2290610401,
2290046700,
2290033603,자유로
2290325000,술이홀로
2290583409,
2290309101,경의로
2290277501,
2290242904,성동로
2290109501,문산역로
2290022508,정문로
2290584000,
2290643400,
2290497402,
2290156201,술이홀로
2290072901,가나무로
2290304300,
2290214001,해바라기길
2290112400,새꽃로
2290272604,
2290314000,금바위로
2290125501,가나무로
2290285505,구암로
2290199908,보광로
2290292200,동패로
2290286100,
2290013809,중산교
2290270902,휴암로
2290662301,파주로
2290128900,
2290219404,만장산로
2290172100,쇠재개울길
2290118011,교하로
2290583601,
2290004802,고봉로
2290038923,
2290662004,휴암로
2290667101,통일로
2290216401,사슴벌레로
2290238002,동산7길
2290016700,평화로
2290038816,통일로
2290496101,
2290463000,감악산로
2290266715,새오리로
2290657101,양지로
2290256402,숲속노을로
2290013928,등원로
2290182700,법흥로
2290015507,갈현로
2290311400,미래로408번길
2290214102,해바라기길
2290442201,파주로
2290589402,동패로
2290021903,광탄교
2290064800,율곡로
2290040216,감악산로
2290024804,우계로
2290263700,
2290330002,당동1로, 방촌로
2290669905,술이홀로
2290122301,참매미길
2290058801,문향로
2290106400,시청로
2290171000,광인사길
2290108001,문화로
2290033101,
2290221002,
2290589900,
2290653605,수원문산고속도로
2290600201,
2290333201,당동2로
2290192703,방촌로
2290670402,술이홀로
2290293801,교하로307번길
2290078401,평화로
2290161600,문향로
2290207800,
2290276702,월롱산로
2290683700,
2290156714,봉서산로
2290107401,문화로
2290140603,율곡로
2290266718,새오리로
2290652401,수원문산고속도로
2290617201,
2290125100,금빛로
2290022609,정문로
2290223700,
2290216501,하늘소로
2290225706,술이홀로
2290164103,교하로
2290147600,평화로
2290278401,
2290229900,책향기숲길
2290073200,후곡로
2290070501,아침노을길
2290327501,서영로
2290221500,
2290317502,교하로
2290212801,
2290061400,문향로17번길
2290576700,
2290209500,심궁로
2290442901,파주로
2290661707,파주로
2290587400,내산길
2290215201,유채꽃길
2290614701,
2290033711,자유로
2290076201,번영로
2290050701,동산길
2290303502,한울로
2290087600,쇠재안길
2290594802,
2290596700,새꽃로
2290138407,장산로
2290697100,심학산로
2290011804,보광로
2290217400,하늘소로
2290575101,파주로
2290007901,명봉산로
2290648201,해음로579번길
2290612200,
2290620300,
2290058800,문향로
2290161201,문향로39번길
2290137400,램프A교
2290259003,내산길
2290120601,금빛로
2290232500,
2290041303,율곡로
2290608615,
2290093501,
2290244702,유채꽃길
2290703700,
2290045101,
2290649301,수원문산고속도로
2290335704,당동1로
2290081703,보광로
2290198701,혜음로
2290186600,
2290038538,청송로
2290254601,학령로
2290285600,해마루길
2290586600,
2290071701,문화로
2290493402,
2290496201,
2290074700,
2290630701,신촌로
2290286800,평화로
2290580401,사임당로
2290213800,안개초길
2290025713,방촌로
2290117300,교하로
2290335800,당동1로
2290268304,웅지로
2290315000,금바위로
2290007300,장곡로
2290670203,파평산로
2290057700,동산8길
2290025607,
2290579700,월롱산단3길
2290574004,
2290099600,법흥로
2290178600,
2290269900,
2290199004,진지로
2290189101,
2290239201,쇠재안길
2290660102,천정구로
2290632602,
2290111100,
2290019018,방촌로
2290587200,
2290666001,통일로
2290093500,
2290264200,참매미길
2290089900,자장로
2290035301,율곡로
2290008201,중앙로
2290330502,봉미로
2290140502,율곡로
2290067905,장마루로
2290044805,초리골길
2290023035,혜음로
2290162800,
2290207100,
2290022103,방촌로
2290242804,필승로
2290674915,정문로
2290050400,평화로
2290280300,
2290300000,책향기로
2290678200,
2290131601,한산로
2290109801,문산로
2290611300,
2290007303,장곡로
2290670908,술이홀로
2290615805,
2290097403,
2290004106,
2290038729,감악산로
2290060901,파주로
2290601001,
2290587604,
2290229600,
2290261504,시청로
2290018207,산들로
2290129800,한산로
2290671305,술이홀로
2290094200,쇠재로
2290010403,파주로
2290052601,번영로
2290659906,
2290404604,
2290226100,
2290025709,방촌로
2290649701,
2290274504,엘씨디로
2290252902,
2290131100,
2290090301,자장로
2290175000,참매미길
2290574503,화합로
2290689109,여울길
2290138711,사목로
2290054304,
2290039309,
2290151704,장승배기로
2290334500,평화로
2290404202,책향기로
2290118014,교하로
2290274502,
2290310900,금바위로
2290279500,책향기숲길
2290018908,방촌로
2290459114,와석순환로
2290034408,율곡로
2290460306,
2290149001,청암로17번길
2290322700,통일로
2290103301,
2290181104,광인사길
2290010307,
2290148500,교하로
2290198800,진지로
2290041203,율곡로
2290038605,설마천로
2290225303,
2290082600,쇠재개울길
2290627909,풀무골로
2290612100,경의로
2290322100,통일로
2290151806,장승배기로
2290223101,
2290024604,
2290261202,시청로
2290639500,회동길
2290642400,문예로
2290018004,쇠장이길
2290402303,남북로
2290227202,광인사길
2290050301,평화로
2290187500,
2290580501,사임당로
2290287000,파주로
2290054302,
2290069700,
2290029815,
2290627904,풀무골로
2290706500,
2290452100,교하로
2290182400,법흥로
2290404600,
2290029909,
2290286307,배머리길
2290611400,
2290156609,봉서산로
2290031409,술이홀로
2290259006,내산길
2290261902,정담길
2290660410,부흥로
2290160400,참매미길
2290320001,동서대로
2290029712,사임당로
2290200400,
2290099602,법흥로
2290199805,보광로
2290638501,평화누리 자전거길
2290295700,한빛로
2290023025,술이홀로
2290138703,사목로
2290578900,월롱산단길
2290065802,율곡로
2290586400,
2290090100,자장로17번길
2290128511,홀작로
2290060500,통일로
2290264900,하늘소로
2290407501,월롱산로
2290699300,노을빛로
2290015606,갈현로
2290067801,장마루로
2290591801,문예로
2290329603,
2290127200,봉천로
2290270903,휴암로
2290320700,탑골지하차도
2290002401,대원로
2290074101,동산2길
2290618800,월롱산단2길
2290128803,
2290295003,
2290471000,율곡로
2290320901,남북로
2290022205,방촌로
2290494500,
2290675900,
2290232700,책향기숲길
2290043500,
2290067700,장마루로
2290048200,
2290233301,
2290133801,금정4길
2290574801,화합로
2290002903,명봉산로
2290205101,회동길
2290020600,
2290324900,
2290217200,풍뎅이길
2290075700,새꽃로
2290629301,남북로
2290025902,자유로
2290591000,재두루미길
2290319300,미래로
2290161200,문향로39번길
2290002010,
2290049900,
2290190700,송비말길
2290662105,휴암로
2290129301,기산로
2290218501,
2290191300,봉천로
2290327001,휴암로
2290236901,새꽃로
2290259205,
2290614000,
2290642201,
2290627501,평화로
2290636902,
2290200900,아동로
2290308203,와석순환로
2290292000,동패로
2290634000,
2290460404,
2290053200,화합로
2290336701,평화로
2290019013,방촌로
2290266609,새오리로
2290323402,솥뒤로
2290216400,하늘소로
2290116007,충의로
2290236801,중앙로
2290166400,가나무로
2290038819,통일로
2290038915,통일로
2290038149,청송로
2290607201,적성산단로
2290210501,혜음로
2290018304,평화로
2290072501,쇠재로
2290335401,엘씨디로
2290216901,하늘소로
2290459001,
2290347800,파주로
2290025405,술이홀로
2290275200,엘씨디로
2290232200,
2290030402,
2290204400,광인사길
2290054500,부흥로21번길
2290010202,통일로
2290194500,아리랑로
2290243901,성동로
2290081100,보광로
2290226102,술이홀로
2290201501,아동로
2290018009,쇠장이길
2290247301,책향기로
2290309901,교하로
2290635902,
2290025707,방촌로
2290453602,
2290079610,파평산로
2290098900,고추잠자리길
2290157300,
2290648102,혜음로
2290143301,통일로
2290056101,한마음2길
2290294603,한빛로
2290681700,
2290104400,금정13길
2290250400,책향기로
2290042225,어삼로
2290574305,파주로
2290253201,쇠재2길
2290621002,
2290326902,휴암로
2290219308,만장산로
2290050500,평화로
2290100812,운정로
2290276701,엘지로
2290252400,노을빛로
2290459008,
2290308401,와석순환로
2290226800,
2290021823,통일로
2290111000,하동로
2290257802,능안로
2290040220,구읍로
2290013402,평화로
2290701800,심학산로
2290144801,통일로
2290443001,등원로
2290016506,통일로
2290635201,
2290660805,부흥로
2290637901,문발로
2290044800,초리골길
2290123502,참매미길
2290328501,문향로39번길
2290005503,고봉로
2290614802,
2290199614,장지산로
2290026002,화합로
2290226901,
2290582402,
2290106701,마무리길
2290073801,동산길
2290072500,쇠재로
2290336703,평화로
2290208601,보광로
2290309501,미래로
2290199621,장지산로
2290111801,가나무로
2290021500,방촌로
2290268900,엘씨디로
2290279200,
2290408102,금월로
2290152000,
2290276000,월롱산로
2290028801,우계로
2290107603,금정로
2290681000,
2290191000,봉천로
2290275613,월롱산로
2290642200,
2290062401,율곡로
2290681100,
2290460115,가람로150번길
2290590006,
2290139200,마정로
2290099500,오색나비길
2290221101,
2290442701,파주로
2290005109,명봉산로
2290470801,숲속노을로
2290007409,장곡로
2290015701,등원로
2290572203,
2290205000,회동길
2290067511,
2290104201,동산8길
2290187202,청석로
2290013101,시청로
2290112301,새꽃로
2290092700,쇠재1길
2290628002,풀무골로
2290607100,
2290074001,동산길
2290336101,당동2로
2290196701,
2290630300,신촌1로
2290024901,우계로
2290013921,등원로
2290191905,뇌조로
2290601601,
2290189100,
2290289800,운정역길
2290156720,봉서산로
2290309902,교하로
2290285603,구암로
2290575106,파주로
2290663202,파주로
2290148001,방촌로
2290100804,
2290154907,심학산로
2290105401,동산2길
2290588103,가재울로
2290325502,서영로
2290068500,안개초길
2290099301,법흥로
2290003802,고봉로
2290670801,술이홀로
2290106702,시청로
2290610800,
2290222101,
2290220309,만장산로
2290208700,보광로
2290193301,우계로
2290606102,교하로307번길
2290134100,
2290329601,방촌로
2290271702,새오리로
2290133405,금정로
2290030802,율곡로
2290327300,
2290260501,자유로
2290037512,만월로
2290226101,
2290463902,장마루로
2290035307,율곡로
2290312100,한울로
2290079200,참매미길
2290313400,가온로
2290110500,문산로
2290572401,파주로
2290029810,
2290590300,신촌1로
2290042400,금정3길
2290231502,
2290018233,산들로
2290275701,월롱산로
2290148801,파주로
2290373201,책향기로
2290209602,심궁로
2290595702,
2290584001,
2290053903,
2290579000,월롱산단길
2290200202,
2290270702,휴암로
2290209405,심궁로
2290120900,금빛로
2290578307,
2290070900,교하로
2290098801,오색나비길
2290572011,동서로
2290279800,책향기숲길
2290627905,풀무골로
2290065703,율곡로
2290254905,중앙로
2290090201,자장로17번길
2290050601,평화로
2290002907,명봉산로
2290035215,
2290207101,
2290002020,자유로
2290147500,
2290326101,파주로
2290266701,헤이리로
2290639802,문예로
2290615401,
2290272809,헤이리로
2290289005,운정역길
2290262701,
2290588602,와석순환로
2290187502,
2290128202,
2290659401,해올2길
2290133901,중앙로
2290617801,
2290031806,통일로
2290458700,심학산로
2290257501,
2290598400,
2290020702,혜음로
2290026602,
2290253002,헤이리로
2290603200,
2290022201,방촌로
2290040217,구읍로
2290037505,만월로
2290630401,신촌3로
2290038721,설마천로
2290148901,파주로
2290256500,숲속노을로
2290143901,
2290305101,가람로
2290289100,운정역길
2290600800,
2290222000,숲속노을로
2290589302,한울로
2290330501,방촌로
2290038717,설마천로
2290106108,시청로
2290192607,뇌조로
2290173501,
2290160100,풍뎅이길
2290033103,
2290596902,
2290293501,한울로
2290067100,청송로208번길
2290013812,기산로
2290108503,문산역로
2290253000,
2290586802,
2290154809,회동길
2290219500,보광로
2290647800,율곡로
2290205300,문발로
2290061723,자운서원로
2290681200,
2290029602,사임당로
2290038616,설마천로
2290331201,방촌로
2290229300,
2290209402,심궁로
2290234301,시청로
2290047600,안개초길
2290162201,문향로
2290579601,월롱산단길
2290230700,
2290044710,초리골길
2290090105,자장로17번길
2290019006,방촌로
2290573602,파주로
2290202300,중앙로
2290215601,유채꽃길
2290275402,엘지로
2290325300,솥뒤로
2290705300,운정지하차도
2290672701,양지로
2290218000,풍뎅이길
2290670309,파평산로
2290042222,동서로
2290219401,만장산로
2290275718,월롱산로
2290582100,연풍로
2290315700,해솔로
2290327701,서영로
2290067910,장마루로
2290100805,운정로
2290170400,
2290604202,청암로48번길
2290225501,
2290230202,
2290332901,방촌로
2290285501,구암로
2290608801,
2290235101,아동로
2290626001,
2290304600,미래로
2290248101,회동길
2290281902,술이홀로
2290164815,소라지로
2290578200,
2290192606,뇌조로
2290690500,수도권제2순환고속도로
2290311500,가온로
2290084201,쇠재1길
2290628401,월롱산로
2290656001,심학산로
2290186801,
2290037707,율곡로
2290125101,새꽃로
2290023313,자유로
2290210801,
2290092501,쇠재개울길
2290335402,서영로
2290061401,문향로39번길
2290071301,문화로
2290217501,참매미길
2290062300,화석정로
2290100903,운정로
2290255700,노을빛로
2290625102,
2290013404,시청로
2290180600,문발로
2290097301,어삼로
2290193601,방촌로
2290629500,교하로
2290062202,화석정로
2290588100,가재울로
2290348101,기곡길
2290026613,사임당로
2290194600,법흥로
2290575105,파주로
2290590001,
2290701000,운정중앙로
2290262300,송화로
2290628004,풀무골로
2290038621,설마천로
2290597202,새꽃로
2290264002,월롱산로
2290577702,
2290254001,쇠재2길
2290131301,
2290214500,노을빛로
2290632501,문발로
2290257400,능안로
2290669401,통일로
2290137102,파주로
2290250701,책향기숲길
2290332300,방촌로
2290061636,자운서원로
2290118201,방촌로
2290583502,
2290225707,술이홀로
2290652801,방촌로
2290211202,책향기숲길
2290197910,광탄천로
2290114000,방촌로
2290199622,장지산로
2290211200,
2290335300,서영로
2290693900,교하로
2290301501,와석순환로
2290020802,혜음로
2290083400,쇠재안길
2290267500,
2290636201,
2290255000,중앙로
2290182200,평화로
2290033301,
2290261903,마음밭길
2290613003,탄현로
2290644502,
2290110203,
2290060600,통일로
2290581700,윗가마울길
2290282701,혜음로
2290610002,한빛로
2290174600,참매미길
2290600100,가람로
2290042227,어삼로
2290024112,통일로
2290229000,문발로
2290073700,쇠재로
2290321001,
2290327901,
2290585101,금월로
2290035100,통일로
2290012617,혜음로
2290058100,동산3길
2290129014,보광로
2290181900,
2290615701,우계로
2290227601,광인사길
2290012901,평화로
2290618203,월롱산단2길
2290090311,자장로
2290574001,파주로
2290023117,오금교
2290071601,
2290017401,혜음로
2290289002,운정역길
2290323701,솥뒤로
2290208301,
2290083300,쇠재1길
2290219504,보광로
2290038936,통일로
2290219302,만장산로
2290183802,약산로
2290079101,평화로
2290326403,
2290154001,교하로
2290272805,헤이리로
2290275602,월롱산로
2290015904,자유로
2290275614,월롱산로
2290625000,웅지로
2290156601,
2290274802,엘씨디로
2290640001,회동길
2290033401,율곡로
2290459607,
2290023114,새오리로
2290138607,당동1로
2290275603,월롱산로
2290166501,번영로
2290164104,문발들길
2290019019,방촌로
2290018902,방촌로
2290076001,새꽃로
2290617501,
2290058601,문산역로
2290604801,
2290240600,검산로
2290195700,
2290254302,가나무로
2290117904,교하로
2290061100,
2290094101,쇠재로
2290307904,한빛로
2290105701,동산8길
2290209300,심궁로
2290038619,설마천로
2290021309,부흥로
2290094301,
2290018129,수원문산고속도로
2290595201,
2290308202,와석순환로
2290497001,
2290243104,
2290608503,
2290199902,보광로
2290692100,감악산로
2290032303,사임당로
2290180100,문발로
2290104801,
2290599100,
2290016609,통일로
2290048600,
2290309301,심학산로
2290192200,뇌조로
2290107105,문화로
2290259700,문발로
2290634400,재두루미길
2290587305,내산길
2290034109,통일로2010번길
2290606300,
2290632100,
2290606006,한울로
2290650802,수원문산고속도로
2290670301,파평산로
2290594701,
2290626701,
2290024218,통일로
2290090303,자장로
2290168700,파주로
2290409600,
2290265800,필승로
2290574912,화합로
2290653704,수원문산고속도로
2290197100,도감로
2290324500,솥뒤로
2290571912,구읍로
2290297900,미래로
2290611000,
2290244502,필승로
2290333301,방촌로
2290095902,
2410253601,운정로
2290583604,
2290580601,사임당로
2290239401,쇠재안길
2290248202,회동길
2290244700,유채꽃길
2290084501,쇠재1길
2290592501,심학산로
2290348102,등원로
2290318101,미래로
2290255606,문원길
2290029907,사임당로
2290013916,등원로
2290266511,헤이리로
2290442700,
2290070100,책향기로
2290037516,만월로
2290635200,
2290293300,한울로
2290021407,부흥로
2290259305,
2290581100,사임당로907번길
2290691701,파주로
2290020709,혜음로
2290025811,자유로
2290119800,후곡로
2290317901,동서대로
2290618701,월롱산단1길
2290023312,평화누리길 7코스 (헤이리길)
2290144802,
2290222401,
2290056402,동산3길
2290011606,등원로
2290453300,교하로
2290145200,송비말길
2290661005,보광로
2290262002,마음밭길
2290572209,율곡로
2290230601,
2290277600,산업단지길
2290402403,남북로
2290409802,금월로
2290667102,통일로
2290682500,
2290011712,보광로
2290159201,약산로
2290021306,부흥로
2290608608,
2290018002,쇠장이길
2290233601,
2290056501,동산3길
2290061731,자운서원로
2290013201,
2290278601,
2290038730,감악산로
2290098702,고추잠자리길
2290038021,청송로
2290095700,율곡로
2290197301,도감로
2290027804,화합로
2290281701,월롱산로
2290060000,율곡로
2290270806,휴암로
2290100600,하우고개길
2290061601,자운서원로
2290168201,아동로
2290051200,새꽃로
2290035604,
2290271203,휴암로
2290599700,금바위로
2290014201,평화로
2290198303,명봉산로262번길
2290029801,사임당로
2290298301,경의로
2290460701,
2290649901,수원문산고속도로
2290051800,동산길
2290221300,통일로
2290613400,
2290329101,
2290046300,
2290038447,
2290452701,산내로
2290154811,심학산로
2290037501,만월로
2290129400,보광로
2290205201,문발로
2290630700,신촌로
2290631700,신촌2로
2290655002,양지로
2290651202,수원문산고속도로
2290038811,
2290621401,오봉골길
2290349900,술이홀로
2290264901,사슴벌레로
2290586602,
2290643902,
2290022605,정문로
2290235403,아동로
2290350201,술이홀로
2290012624,혜음로
2290571907,동서로
2290198500,
2290594206,안능안길
2290182800,법흥로
2290073501,가나무로
2290082200,쇠재안길
2290018003,영장1교
2290016101,평화로
2290583801,
2290345000,
2290253901,쇠재2길
2290045800,
2290673504,책향기로
2290100100,오색나비길
2290666401,
2290139301,통일로
2290637900,문발로
2290232501,
2290619800,
2290118600,방촌로
2290636001,
2290178500,
2290029702,사임당로
2290022001,광탄교
2290002001,자유로
2290038045,청송로
2290582900,검바위길
2290014300,통일로
2290198302,명봉산로262번길
2290005700,파주로
2290154911,문발로
2290194300,아리랑로
2290002604,파주로
2290142500,통일로
2290266507,헤이리로
2290149100,청암로
2290189900,
2290121301,금빛로
2290125900,해바라기길
2290144000,
2290053301,술이홀로
2290196100,
2290573000,보광로
2290138707,사목로
2290024701,자유로
2290020301,자유로
2290155700,문산역로
2290497401,
2290249000,회동길
2290587103,
2290039319,청송로
2290288904,운정역길
2290578500,문현말길
2290021725,통일로
2290180300,
2290064200,율곡로
2290103502,
2290637600,문발로
2290585502,
2290046901,
2290577501,
2290588002,미래로
2290038552,청송로
2290102807,천정구로
2290292600,동패로
2290239918,검산로
2290171002,광인사길
2290649501,
2290621302,오봉골길
2290659303,
2290641700,
2290117802,교하로
2290033713,자유로
2290602800,미래로
2290241400,검산로
2290012105,
2290257101,
2290269903,
2290072001,후곡로
2290211802,
2290191803,
2290038701,설마천로
2290199204,장지산로
2290278502,
2290082400,쇠재개울길
2290039302,청송로
2290648003,명봉산로
2290617800,만장산로
2290453001,
2290038518,청송로
2290642002,
2290232600,
2290200500,금정2길
2290660003,파주로
2290646101,교하로
2290032505,오현로
2290015105,기산로
2290303900,동서대로
2290021411,부흥로
2290592400,
2290620702,
2290049614,지목로
2290013712,기산로
2290624401,
2290458702,경의로
2290076702,법흥로
2290258202,삼릉로
2290496900,
2290023315,자유로
2290609801,와석순환로172번길
2290025901,자유로
2290007204,
2290103500,
2290453301,
2290013002,평화로
2290402405,남북로
2290327201,
2290027606,사임당로
2290110304,문산로40번길
2290106203,시청로
2290083901,쇠재개울길
2290045500,
2290042701,금정5길
2290082101,쇠재안길
2290143101,천정구로
2290156630,봉서산로
2290018214,
2290255601,대원로
2290023220,방촌로
2290648506,혜음로
2290024602,
2290118402,방촌로
2290000704,혜음로
2290213200,
2290257901,고봉로
2290176202,필승로
2290302700,
2290320300,동서대로
2290661304,부흥로
2290021409,부흥로
2290062800,마음밭길
2290653604,수원문산고속도로
2290258703,내산길
2290113901,하동로
2290193604,방촌로
2290661704,파주로
2290583400,오금로
2290102706,천정구로
2290294200,교하로
2290605701,
2290094000,쇠재로
2290670103,술이홀로
2290167303,시청로
2290238200,쇠재안길
2290133602,중앙로
2290021313,부흥로
2290595901,문발로
2290049712,지목로
2290005200,명봉산로
2290266703,새오리로
2290010405,
2290277801,
2290023417,자유로
2290199404,장지산로
2290161700,문향로
2290021002,통일로
2290069502,유채꽃길
2290090200,자장로17번길
2290252000,숲속노을로
2290309200,경의로
2290493001,우계로
2290079703,배머리길
2290037709,율곡로
2290122600,참매미길
2290246601,책향기로
2290011813,보광로
2290470700,동서대로
2290225305,
2290186701,
2290272603,
2290029913,사임당로
2290494200,
2290261601,마음밭길
2290225001,술이홀로
2290594405,대원로
2290612300,
2290275704,
2290156718,봉서산로
2290147602,
2290248204,회동길
2290631501,신촌2로
2290345300,파주로
2290014904,평화로
2290020714,혜음로
2290100902,운정로
2290322001,통일로
2290038558,청송로
2290076600,통일로
2290128100,
2290642500,문발로
2290631400,신촌3로
2290162401,문향로
2290285502,구암로
2290244202,성동로
2290261803,정담길
2290618401,월롱산단길
2290496801,
2290453802,산내로
2290123100,하늘소로
2290613300,
2290022109,방촌로
2290327602,서영로
2290245201,유채꽃길
2290239931,검산로
2290005203,명봉산로
2290599000,
2290235602,원앙길
2290459503,
2290652602,수원문산고속도로
2290623501,
2290290300,
2290166502,
2290705200,
2290005001,고봉로
2290671401,감악산로
2290405810,책향기로
2290240027,검산로
2290110002,문향로
2290021402,부흥로
2290614104,
2290274700,
2290244901,유채꽃길
2290592900,
2290075300,금정3길
2290258803,내산길
2290277301,
2290135101,
2290093100,쇠재1길
2290024217,통일로
2290306900,와석순환로
2290049000,시청로
2290587601,
2290452600,산내로
2290157900,사슴벌레로
2290591400,
2290227200,광인사길
2290206600,
2290291701,동서대로
2290632800,
2290082601,쇠재개울길
2290248701,회동길
2290013919,등원로
2290647501,파주로
2290115909,충의로
2290205701,
2290025307,
2290277603,산업단지길
2290198106,광탄천로
2290332201,방촌로
2290200801,금정3길
2290623700,
2290059000,문향로
2290201600,아동로
2290402301,
2290579500,월롱산단1길
2290179101,광인사길
2290277300,
2290594207,안능안길
2290067901,율곡로
2290195000,안개초길
2290199200,장지산로
2290319700,
2290224900,
2290100914,운정로
2290100811,운정로
2290675400,
2290246400,책향기숲길
2290637301,문발로
2290012609,
2290119900,후곡로
2290329301,
2290625300,
2290035219,율곡로
2290594000,
2290029906,
2290692700,
2290233901,노을빛로
2290659302,
2290222001,숲속노을로
2290599300,
2290294001,교하로
2290007501,
2290138200,충의로
2290260201,자유로
2290638200,문발로
2290283004,
2290226601,광인사길
2290249800,회동길
2290117906,교하로
2290037508,만월로
2290351706,파발로
2290275702,월롱산로
2290218202,
2290405602,
2290017509,등원로
2290032002,율곡로
2290122102,참매미길
2290059800,
2290069500,유채꽃길
2290022923,
2290154500,교하로
2290062500,화석정로
2290334601,경의로
2290623002,
2290114900,
2290674803,정문로
2290116501,교하로
2290187401,
2290007301,명봉산로
2290648503,혜음로
2290661003,보광로
2290015102,기산로
2290573503,파주로
2290013501,금월로
2290176000,필승로
2290579402,월롱산단길
2290452901,청암로
2290266504,헤이리로
2290655704,노을빛로
2290328701,개포래로
2290351501,술이홀로
2290618900,월롱산단길
2290402302,남북로
2290333700,당동2로
2290048701,자유로
2290019001,방촌로
2290626400,
2290332000,방촌로
2290052200,번영로
2290038736,감악산로
2290226002,술이홀로
2290336303,평화로
2290038601,설마천로
2290138517,당동1로
2290114504,방촌로
2290090001,장마루로
2290332800,방촌로
2290217100,풍뎅이길
2290058301,문향로
2290138501,당동1로
2290314003,금바위로
2290583303,오금로
2290156610,봉서산로
2290081700,보광로
2290651302,수원문산고속도로
2290295104,한빛로
2290145002,봉천로
2290162801,
2290589305,교하로
2290024109,통일로
2290625003,웅지로
2290258501,고봉로
2290136200,엘지로
2290053307,화합로
2290674814,정문로
2290014400,통일로
2290138814,통일로
2290029905,사임당로
2290118007,교하로
2290300101,책향기로
2290143102,경의로
2290578304,
2290689201,광탄천로
2290586300,마무리길
2290132802,금정로
2290156000,
2290220302,만장산로
2290056300,동산7길
2290308201,와석순환로
2290199504,장지산로
2290276500,엘지로
2290262801,
2290314300,
2290060402,임진각로
2290243501,성동로
2290108601,문산역로
2290118601,방촌로
2290087800,쇠재안길
2290304200,
2290025802,
2290038143,율곡로
2290578002,
2290608300,적성산단로
2290062501,화석정로
2290409701,금월로
2290154910,심학산로
2290461601,감악산로
2290032800,율곡로
2290234801,아동로
2290063700,자운서원로
2290075101,금정3길
2290031808,통일로
2290240200,검산로
2290496100,
2290100907,운정로
2290230400,
2290592801,
2290209601,혜음로
2290588105,가재울로
2290293901,교하로
2290288703,
2290021403,발랑교
2290405200,
2290103200,한마음2길
2290164204,문발들길
2290010107,통일로
2290138717,사목로
2290110303,문산로40번길
2290095401,구읍로
2290076101,새꽃로
2290271701,방촌로
2290605700,
2290007005,파주로
2290083900,쇠재개울길
2290021902,혜음로
2290240500,검산로
2290138002,충의로124번길
2290255800,노을빛로
2290128400,
2290194001,
2290121000,금빛로
2290205700,
2290328401,개포래로
2290292700,동패로
2290659901,
2290199701,중산교
2290162500,문향로17번길
2290632900,문발로
2290148504,교하로
2290670716,술이홀로
2290572304,파주로
2290062100,사임당로
2290608610,
2290302600,미래로
2290140608,율곡로
2290458504,소리천로
2290260900,자유로
2290220408,만장산로
2290038617,설마천로
2290669805,술이홀로
2290642302,문예로
2290064606,율곡로
2290234500,새꽃로
2290199803,영장교
2290198304,명봉산로262번길
2290442300,파주로
2290158201,사슴벌레로
2290179900,문발로
2290210001,심궁로
2290021706,
2290146101,
2290061616,자운서원로
2290312000,교하로
2290247302,책향기로
2290582903,검바위길
2290615101,
2290286409,얼음실로
2290034010,통일로
2290154805,심학산로
2290062204,화석정로
2290025810,자유로
2290351400,술이홀로
2290157800,참매미길
2290023306,자유로
2290628006,풀무골로
2290576801,적성산단로
2290226003,술이홀로
2290140801,통일로
2290201701,아동로
2290266302,필승로
2290117302,교하로
2290071302,금정6길
2290138301,충의로
2290011704,보광로
2290014019,등원로
2290011707,보광로
2290002300,고봉로
2290637200,재두루미길
2290143000,천정구로
2290581602,
2290620900,
2290023214,방촌로
2290307500,
2290129000,보광로
2290599401,
2290006200,파주로
2290026612,사임당로
2290452803,책향기로
2290592601,회동길
2290334700,
2290259103,내산길
2290313801,금바위로
2290207301,
2290106805,중앙로
2290012302,
2290004500,파주로
2290576301,적성산단로
2290673505,책향기로
2290616200,
2290251301,
2290183810,약산로
2290587501,천정구로
2290204602,광인사길
2290333601,당동2로
2290141600,율곡로
2290024301,술이홀로
2290161401,문향로17번길
2180027304,보광로
2290107303,금정20길
2290164801,교하로
2290250700,책향기로
2290496901,
2290255801,숲속노을로
2290288200,산남로
2290230600,
2290251500,
2290671701,감악산로
2290673002,청석로
2290602601,
2290194000,신금촌교
2290297700,경의로
2290055109,만월로
2290239923,검산로
2290022924,방축2교차로
2290335003,휴암로
2290118004,교하로
2290694900,교하로
2290625005,
2290235402,아동로
2290633101,문발로
2290126501,노을빛로
2290332500,방촌로
2290199101,
2290024107,통일로
2290162001,문향로17번길
2290648407,혜음로
2290308901,경의로
2290623400,
2290013403,평화로
2290181801,문발로
2290604501,교하로
2290126701,
2290572007,
2290287802,산남로
2290618001,만장산로
2290650701,수원문산고속도로
2290136201,엘지로
2290658702,
2290037416,만월로
2290010500,
2290055600,번영로
2290600901,
2290259104,내산길
2290323200,솥뒤로
2290199602,장지산로
2290266301,
2290044401,
2290159901,풍뎅이길
2290674601,어유터널
2290051801,새꽃로
2290138813,사목로
2290577600,
2290618300,월롱산단1길
2290350200,술이홀로
2290098000,화합로
2290038609,설마천로
2290602300,
2290219607,보광로
2290170203,직지길
2290652802,방촌로
2290187501,
2290059900,당동2로
2290148802,교하로
2290027701,사임당로
2290147400,경의로
2290195301,
2290016001,자유로
2290160201,풍뎅이길
2290038916,통일로
2290013702,중산교
2290661901,방촌로
2290246800,책향기로
2290068301,율곡로
2290100809,운정로
2290328901,
2290247903,회동길
2290080106,엘지로
2290038713,설마천로
2290099202,고추잠자리길
2290174100,풍뎅이길
2290275703,월롱산로
2290135300,
2290035605,임진각로
2290698200,심학산로
2290628903,
2290087601,쇠재안길
2290244605,필승로
2290218400,
2290625010,웅지로
2290025611,방촌로
2290025000,
2290138506,당동1로
2290640400,회동길
2290240025,검산로
2290118400,방촌로
2290146501,
2290452401,와석순환로
2290273102,필승로
2290064506,율곡로
2290644302,
2290594202,안능안길
2290190702,송비말길
2290158001,사슴벌레로
2290027800,화합로
2290336204,평화로
2290672702,청석로
2290038450,청송로
2290699100,심학산로
2290190000,
2290320800,동서대로
2290327302,서영로
2290188101,책향기로
2290232800,
2290144901,봉천로
2290690300,수도권제2순환고속도로
2290270603,엘씨디로
2290193403,
2290235801,아동로
2290578103,
2290297800,경의로
2290140505,율곡로
2290096600,
2290190101,
2290108602,문산역로
2290083500,쇠재안길
2290600500,
2290615601,
2290698900,노을빛로
2290067406,장마루로
2290270103,
2290452602,
2290277900,
2290333401,당동2로
2290206500,
2290071801,
2290083700,쇠재안길
2290273700,청석로
2290298200,미래로
2290656003,심학산로
2290023108,방촌로
2290312602,가온로
2290286214,배머리길
2290170303,
2290128300,
2290158901,참매미길
2290678900,
2290047400,안개초길
2290659002,남북로
2290105001,동산2길
2290036300,
2290038547,청송로
2290256800,대원로
2290190503,
2290033202,
2290679200,
2290242400,
2290091001,
2290095802,
2290223001,숲속노을로
2290283200,
2290177300,문발로
2290107400,금정20길
2290193303,
2290639901,문예로
2290251101,책향기로
2290458900,
2290408201,금월로
2290442500,파주로
2290224101,책향기숲길
2290117201,교하로
2290079706,파평산로
2290308900,경의로
2290067510,장마루로
2290670701,술이홀로
2290150702,동거리길
2290032404,오현로
2290618600,월롱산단1길
2290062308,화석정로
2290086900,금정로
2290029601,사임당로
2290238901,쇠재안길
2290034012,
2290044901,파주로
2290684800,
2290642101,
2290049500,램프A교
2290188400,
2290258701,
2290621100,
2290305800,미래로
2290038633,감악산로
2290121600,고추잠자리길
2290608000,적성산단1로
2290031401,술이홀로
2290228702,
2290286901,평화로
2290020303,자유로
2290221902,숲속노을로
2290164828,소라지로
2290267602,
2290407601,금월로
2290263903,금월로
2290018229,
2290176301,필승로
2290669901,술이홀로
2290011508,등원로
2290605300,
2290492600,우계로
2290084801,율곡로
2290585401,통일로
2290284801,율곡로
2290038702,설마천로
2290240012,검산로
2290212400,
2290304701,가람로
2290129900,
2290022931,혜음로
2290179201,
2290156711,봉서산로
2290682100,
2290496200,
2290013004,경의로
2290103300,한마음2길
2290111804,가나무로
2290081200,보광로
2290120700,금빛로
2290451604,교하로
2290405706,책향기로
2290018912,방촌로
2290255100,대원로
2290132201,
2290037706,율곡로
2290245701,유채꽃길
2290409700,금월로
2290022107,검산로
2290027709,사임당로
2290636900,
2290591800,문예로
2290111701,
2290273402,필승로
2290132801,금정로
2290496000,
2290114304,방촌로
2290007900,명봉산로
2290350500,술이홀로
2290298100,미래로
2290126101,해바라기길
2290243500,
2290285201,사임당로
2290015604,평화로
2290025315,사임당로
2290620301,
2290606600,적성산단로
2290594203,안능안길
2290179606,문발로
2290256000,숲속노을로
2290020902,통일로
2290326000,경의로
2290031807,통일로
2290225802,술이홀로
2290206001,
2290107204,문화로
2290277802,
2290442301,파주로
2290493100,우계로
2290097300,
2290161601,문산역로
2290161101,문향로39번길
2290132400,한산로
2290024212,통일로
2290012611,혜음로
2290589101,와석순환로172번길
2290038922,통일로
2290219003,동거리길
2290216900,참매미길
2290285601,구암로
2290097700,파주로
2290058905,봉미로6번길
2290648403,혜음로
2290259001,내산길
2290066702,청송로208번길
2290616501,
2290140602,율곡로
2290049708,지목로
2290050700,평화로
2290016008,자유로
2290064605,율곡로
2290053800,화합로
2290313704,금바위로
2290374002,책향기로
2290018128,
2290607000,적성산단로
2290404700,남북로
2290269301,엘지로
2290674801,정문로
2290644501,회동길
2290023213,방촌로
2290404201,남북로
2290609301,와석순환로172번길
2290572118,율곡로
2290174300,풍뎅이길
2290039203,청송로
2290041600,양연로
2290012505,혜음로
2290211600,청석로
2290235603,아동로
2290156600,봉서산로
2290138406,장산로
2290497800,미래로
2290125200,금빛로
2290086201,평화로
2290295101,한빛로
2290039412,
2290315202,해솔로
2290384902,동서로
2290664703,통일로
2290618201,월롱산단길
2290201101,아동로
2290670615,술이홀로
2290011301,
2290012401,경의로
2290673301,
2290202600,아동로
2290494600,
2290148400,교하로
2290026609,사임당로
2290022206,방촌로
2290279101,
2290681900,
2290241901,평화로
2290252500,파주로
2290029101,사임당로
2290199400,장지산로
2290299501,와석순환로
2290195100,안개초길
2290665502,통일로
2290225900,술이홀로
2290287301,회동길
2290405703,책향기로
2290239912,검산로
2290100802,
2290703300,운정지하차도
2290295400,미래로408번길
2290039205,술이홀로
2290211900,
2290351500,술이홀로
2290442401,
2290315400,해솔로
2290617301,
2290033712,자유로
2290205900,
2290614101,
2290038404,청송로
2290109704,봉미로
2290009701,금릉역로
2290287501,산남로
2290598200,
2290229200,
2290694500,심학산로
2290310601,
2290056001,
2290188402,
2290001921,자유로
2290296300,가온로
2290583001,검바위길
2290055000,부흥로21번길
2290225408,
2290670807,술이홀로
2290117704,청석교
2290092701,쇠재1길
2290212102,책향기숲길
2290575901,파주로
2290616700,
2290121500,금빛로
2290588700,
2290044706,초리골길
2290208100,책향기숲길
2290335804,당동1로
2290607800,적성산단1로
2290672104,감악산로
2290274902,엘씨디로
2290185701,청석로
2290025316,사임당로
2290212402,
2290604401,책향기숲길
2290130800,
2290453100,책향기로
2290122401,참매미길
2290022921,혜음로
2290057200,동산2길
2290700500,운정중앙로
2290063000,
2290224603,
2290683900,
2290228402,광인사길
2290123300,하늘소로
2290033802,율곡로
2290254700,
2290164004,교하로
2290216301,참매미길
2290323100,통일로
2290144700,금정5길
2290048500,
2290198215,광탄천로
2290333400,당동2로
2290065800,율곡로
2290618301,월롱산단길
2290021315,부흥로
2290215302,유채꽃길
2290582505,
2290602600,
2290046801,책향기숲길
2290259106,내산길
2290208701,
2290023301,자유로
2290460013,가람로150번길
2290163401,문발로
2290330300,
2290176901,문발로
2290299400,와석순환로
2290610201,한울로
2290330302,당동1로, 방촌로
2290266001,하늘소로
2290289600,운정역길
2290585501,혜음로
2290632601,
2290704000,물향기2로
2290167100,경의로
2290140503,율곡로
2290067403,장마루로
2290324601,솥뒤로
2290665001,통일로
2290023801,
2290038711,설마천로
2290594106,안능안길
2290116700,교하로
2290037410,술이홀로
2290266700,새오리로
2290113700,금정28길
2290008808,경의로
2290138805,사목로
2290035601,임진각로
2290705500,
2290251800,숲속노을로
2290199526,장지산로
2290631200,신촌2로
2290286300,배머리길
2290206200,
2290328500,개포래로
2290009100,
2290012517,혜음로
2290157000,장승배기로
2290138808,사목로
2290607802,적성산단로
2290384900,동서로
2290209501,심궁로
2290138000,충의로124번길
2290179504,회동길
2290061622,자운서원로
2290332801,방촌로
2290274402,엘씨디로
2290230902,
2290453101,청암로
2290648305,혜음로
2290164300,교하로
2290256502,숲속노을로
2290070800,숲속노을로
2290332701,당동2로
2290599402,
2290079601,파평산로
2290189200,
2290138402,장산로
2290003803,고봉로
2290604901,
2290048700,
2290021311,부흥로
2290666801,통일로
2290225404,
2290178300,문발로
2290579300,월롱산단길
2290574909,화합로
2290217900,풍뎅이길
2290038453,청송로
2290574404,파주로
2290273800,청석로
2290016608,통일로
2290462300,감악산로
2290038437,청송로
2290324000,술이홀로
2290634201,
2290286401,얼음실로
2290658302,
2290600700,
2290612900,
2290073600,가나무로
2290090419,자장로
2290691501,
2290109000,통일로
2290237703,새꽃로
2290592700,
2290055801,동산8길
2290493002,우계로
2290225202,파발로
2290276201,엘지로
2290373200,책향기로
2290575007,
2290015706,정문로
2290225705,
2290038715,설마천로
2290064101,율곡로
2290107800,
2290247401,회동길
2290027105,우계로
2290598401,
2290305400,책향기로
2290458405,소리천로
2290042104,율곡로
2290014013,등원로
2290458505,소리천로
2290496802,
2290195801,
2290494602,
2290262500,
2290174800,참매미길
2290262104,
2290688500,
2290648901,수원문산고속도로
2290279901,책향기숲길
2290020804,혜음로
2290303601,한울로
2290026611,사임당로
2290216101,유채꽃길
2290191904,뇌조로
2290138601,당동1로
2290459508,가람로
2290673102,청석로
2290266610,새오리로
2290029500,통일로
2290670806,술이홀로
2290055902,
2290266503,방촌로
2290335703,당동1로
2290585100,다래울길
2290022903,혜음로
2290040314,구읍로
2290333600,
2290030203,
2290023414,자유로
2290232201,
2290590004,
2290345400,파주로
2290164810,소라지로
2290100700,하우고개길
2290035405,임진각로
2290175900,법흥로
2290090702,율곡로
2290209502,만장산로
2290641200,문예로
2290602101,
2290018005,쇠장이길
2290138512,당동1로
2290154106,교하로
2290001916,자유로
2290029916,사임당로
2290156100,
2290275706,월롱산로
2290252501,유채꽃길
2290294700,한빛로
2290115903,충의로
2290115300,당동2로
2290217700,참매미길
2290306901,와석순환로
2290140506,율곡로
2290065400,율곡로
2290223000,
2290697400,노을빛로
2290147002,숲속노을로
2290649201,수원문산고속도로
2290301300,와석순환로
2290266618,새오리로
2290109701,문향로
2290261801,마음밭길
2290452502,산내로
2290301900,와석순환로
2290603002,
2290220602,
2290672602,청석로
2290064604,율곡로
2290579901,자운서원로
2290616701,
2290651201,수원문산고속도로
2290024407,술이홀로
2290284901,율곡로
2290135601,한산로
2290014906,평화로
2290174601,참매미길
2290208803,보광로
2290373602,
2290038813,통일로
2290266101,
2290020805,혜음로
2290670204,파평산로
2290021001,통일로
2290112902,동산7길
2290260801,자유로
2290009700,금릉역로
2290214700,노을빛로
2290060302,임진각로
2290004600,파주로
2290497902,미래로
2290223300,
2290012903,평화로
2290673101,
2290229801,책향기숲길
2290001904,자유로
2290011602,
2290100923,운정로
2290700100,심학산로
2290697000,
2290038411,청송로
2290064900,율곡로
2290014502,평화로
2290018403,평화로
2290309800,와석순환로
2290013925,등원로
2290011404,
2290299801,
2290591501,
2290052902,
2290239301,쇠재2길
2290172400,
2290614500,
2290037705,율곡로
2290112500,새꽃로
2290021726,휴암로
2290308500,
2290080105,엘지로
2290038937,통일로
2290285701,구암로
2290296901,교하로
2290183401,법흥로
2290628001,풀무골로
2290669809,술이홀로
2290602801,미래로
2290325901,경의로
2290285700,구암로
2290495002,우계로
2290083701,쇠재안길
2290270503,엘씨디로
2290625301,
2290594801,
2290018222,
2290055207,만월로
2290374001,운정로
2290042006,율곡로
2290577303,
2290404805,남북로
2290666901,통일로
2290093802,
2290619501,
2290317600,교하로
2290023420,자유로
2290079903,술이홀로
2290495106,우계로
2290222602,
2290147000,숲속노을로
2290288804,미리내로
2290098500,오색나비길
2290347600,파주로
2290651601,
2290179505,
2290636702,
2290577302,
2290628800,
2290097400,
2290052300,한마음1길
2290025308,사임당로
2290150600,동거리길
2290068200,율곡로
2290128903,보광로
2290630101,신촌로
2290119903,쇠재로
2290064601,율곡로
2290012513,혜음로
2290015710,정문로
2290603700,가재울로
2290600200,
2290331801,당동1로, 방촌로
2290636602,
2290258100,삼릉로
2290622900,
2290187900,
2290061611,자운서원로
2290663904,파주로
2290010402,
2290574402,
2290625202,
2290285801,구암로
2290140201,방촌로
2290573700,화합로
2290164805,소라지로
2290323101,통일로
2290459010,
2290269201,엘씨디로
2290284201,
2290065900,
2290198001,광탄천로
2290460106,가람로
2290083801,쇠재안길
2290198801,진지로
2290138502,당동1로
2290023318,자유로
2290189801,
2290051500,
2290587904,미래로
2290016100,평화로
2290031509,술이홀로
2290123101,하늘소로
2290404901,
2290228602,문발로
2290266506,헤이리로
2290323801,술이홀로
2290578510,문현말길
2290239909,검산로
2290221100,
2290325800,경의로
2290232001,
2290290100,운정역길
2290670308,파평산로
2290656002,심학산로
2290062400,
2290198206,광탄천로
2290124400,금빛로
2290345700,
2290161301,문향로17번길
2290300500,
2290257701,능안사거리
2290142501,
2290658902,남북로
2290020200,새오리로
2290156629,봉서산로
2290634901,
2290254902,파주로
2290702800,심학산로
2290301602,와석순환로
2290611101,
2290577001,장승배기로
2290459404,소리천로
2290608605,
2290618402,월롱산단1길
2290038540,장마루로
2290027106,우계로
2290255200,대원로
2290283106,
2290151800,장승배기로
2290334901,천정구로
2290163400,문발로
2290610501,
2290669910,술이홀로
2290308501,
2290022111,방촌로
2290079713,파평산로
2290165100,파주로
2290403100,남북로
2290645600,
2290010406,
2290026107,
2290572126,율곡로
2290129015,보광로
2290062700,시청로
2290289900,운정역길
2290002016,자유로
2290236200,아동로
2290317602,교하로
2290128908,보광로
2290163001,개포래로
2290606202,교하로307번길
2290019100,통일로
2290007905,명봉산로
2290096400,율곡로
2290314501,
2290187000,
2290035218,
2290645301,
2290010401,
2290080103,엘지로
2290583201,방촌로
2290674901,정문로
2290032300,사임당로
2290256601,숲속노을로
2290096700,
2290269300,엘지로
2290324300,솥뒤로
2290123500,
2290402401,남북로
2290177601,
2290277402,
2290670209,파평산로
2290588104,가재울로
2290182300,평화로
2290656302,숲속노을로
2290139002,마정로
2290652001,
2290061630,자운서원로
2290334400,평화로
2290597300,
2290119000,
2290087802,쇠재2길
2290292500,동패로
2290200503,금정로
2290344700,등원로
2290064502,율곡로
2290022211,방촌로
2290249500,회동길
2290019004,방촌로
2290058903,문향로
2290180001,회동길
2290621404,오봉골길
2290018901,방촌로
2290270901,휴암로
2290047700,월롱산로
2290029200,자유로
2290029817,사임당로
2290034901,통일로
2290171601,
2290029608,사임당로
2290275100,엘씨디로
2290239917,검산로
2290090403,자장로17번길
2290179801,회동길
2290239502,쇠재2길
2290654202,방촌로
2290164201,수선화길
2290451800,교하로
2290109400,문산역로
2290025211,사임당로
2290145202,송비말길
2290051902,동산2길
2290055208,만월로
2290130400,
2290178800,회동길
2290670003,술이홀로
2290221001,
2290033605,자유로
2290333701,
2290594100,안능안길
2290138308,장산로
2290003701,고봉로
2290097803,보광로
2290041304,양연로
2290212200,책향기숲길
2290038448,
2290313901,금바위로
2290600301,
2290210701,
2290644601,
2290335701,당동1로
2290176001,필승로
2290177301,문발로
2290333800,당동2로
2290651001,아동로
2290225407,
2290589000,
2290038418,청송로
2290582905,검바위길
2290493600,
2290629801,신촌로
2290279000,
2290099000,오색나비길
2290032509,오현로
2290125401,새꽃로
2290251300,
2290086101,새꽃로
2290696200,
2290699700,노을빛로
2290697900,
2290697200,노을빛로
2290191906,뇌조로
2290586803,
2290497000,
2290273900,청석로
2290329402,
2290230501,
2290617701,
2290010600,
2290305600,미래로
2290095601,율곡로
2290037101,율곡로
2290272500,방촌로
2290604700,
2290674201,수원문산고속도로
2290046701,
2290660002,파주로
2290286304,배머리길
2290639501,회동길
2290031906,방촌로
2290125901,해바라기길
2290013704,기산로
2290142600,
2290183701,법흥로
2290704800,
2290705000,
2290704500,
2290704300,운정지하차도
2290208901,심궁로
2290014012,등원로
2290138511,당동1로, 방촌로
2290235503,원앙길
2290238701,쇠재안길
2290229101,회동길
2290213902,안개초길
2290611500,
2290330901,방촌로
2290572119,율곡로
2290593100,유채꽃길
2290116500,교하로
2290134002,금정4길
2290116401,교하로
2290326803,휴암로
2290043600,
2290659702,파주로
2290083401,쇠재안길
2290014021,등원로
2290309600,심학산로
2290285605,구암로
2290052900,
2290453502,교하로
2290693500,감악산로
2290104002,
2290640500,
2290459501,
2290151706,장승배기로
2290037415,만월로
2290307000,와석순환로
2290038539,청송로
2290037603,율곡로
2290020707,혜음로
2290233702,
2290025806,자유로
2290181103,
2290272806,헤이리로
2290049703,
2290685600,
2290239929,검산로
2290035701,임진각로
2290016605,통일로
2290407502,금월로
2290335502,당동1로
2290071700,
2290678400,
2290222601,
2290572201,
2290061702,자운서원로
2290618501,월롱산단길
2290199801,보광로
2290146000,
2290621400,오봉골길
2290610801,
2290571908,동서로
2290005206,명봉산로
2290308003,
2290686700,술이홀로
2290259002,
2290138404,장산로
2290017100,평화로
2290067404,장마루로
2290120701,금빛로
2290410900,금월로
2290622001,서영로
2290054202,
2290072601,쇠재로
2290623000,
2290603102,
2290676200,
2290213100,
2290348800,파주로
2290492501,
2290347100,파주로
2290266602,새오리로
2290161900,문향로17번길
2290005101,장곡로
2290067908,장마루로
2290156102,
2290261804,정담길
2290574401,파주로
2290117301,교하로
2290034508,율곡로
2290670601,술이홀로
2290013807,기산로
2290217201,풍뎅이길
2290409004,금월로
2290614801,
2290049718,지목로
2290319401,미래로602번길
2290110701,문향로
2290241602,가시내길
2290256902,대원로
2290126800,한산로
2290084900,율곡로
2290089401,통일로
2290055602,번영로
2290160401,사슴벌레로
2290648702,천정구로
2290574701,
2290181202,광인사길
2290010407,
2290035503,임진각로
2290668001,통일로
2290138509,방촌로
2290164704,소라지로
2290627000,
2290140000,통일로
2290626501,
2290600900,
2290491302,우계로
2290086400,새꽃로
2290210400,
2290024311,술이홀로
2290235404,아동로
2290175701,풍뎅이길
2290018400,평화로
2290199003,진지로
2290308104,와석순환로
2290221901,숲속노을로
2290314800,금바위로
2290242600,
2290031000,
2290198103,광탄천로
2290625012,웅지로
2290319101,가람로
2290236202,아동로
2290001902,자유로
2290257002,대원로
2290650801,수원문산고속도로
2290038409,
2290208500,보광로
2290024111,통일로
2290082301,쇠재개울길
2290228500,문발로
2290150700,동거리길
2290038712,설마8교
2290258801,내산길
2290105000,동산2길
2290208401,보광로
2290572000,동서로
2290087801,쇠재안길
2290270001,
2290064508,율곡로
2290665601,통일로
2290079102,사슴벌레로73번길
2290019011,방촌로
2290200502,금정로
2290286407,얼음실로
2290266608,새오리로
2290326509,휴암로
2290672503,청석로
2290607601,적성산단로
2290451806,교하로
2290064607,율곡로
2290574902,화합로
2290140507,율곡로
2290061728,자운서원로
2290234200,새꽃로
2290006904,파주로
2290166300,가나무로
2290114100,문향로75번길
2290038732,설마천로
2290575204,파주로
2290219606,보광로
2290351800,파발로
2290020701,혜음로
2290214501,노을빛로
2290455107,해솔로
2290303902,동서대로
2290033612,자유로
2290632301,재두루미길
2290459401,소리천로
2290042600,금정5길
2290273401,
2290266502,헤이리로
2290138701,반구정로
2290009001,장곡로
2290576400,적성산단로
2290041700,양연로
2290064501,율곡로
2290633401,문발로
2290164807,소라지로
2290031101,반구정로
2290053701,
2290608500,
2290002900,명봉산로
2290301401,가온로
2290075501,금정3길
2290102300,천정구로
2290024902,우계로
2290460304,
2290639400,
2290310800,금바위로
2290138704,사목로
2290198216,광탄천로
2290116601,
2290670920,술이홀로
2290647102,통일로
2290626401,
2290621202,
2290251400,
2290332501,방촌로
2290128605,홀작로
2290154012,교하로
2290029708,사임당로
2290220403,만장산로
2290280701,
2290648204,혜음로
2290198107,광탄천로
2290064700,율곡로
2290404801,남북로
2290245800,유채꽃길
2290171800,쇠재1길
2290056200,동산8길
2290286408,얼음실로
2290597901,가람로
2290286801,평화로
2290017605,등원로
2290002004,자유로
2290164812,소라지로
2290069901,
2290047500,안개초길
2290023110,방촌로
2290615703,
2290119405,
2290209302,심궁로
2290192901,충현로
2290090602,율곡로
2290254903,중앙로
2290575001,부흥로21번길
2290610301,
2290286201,사임당로
2290264006,월롱산로
2290013500,금월로
2290572206,율곡로
2290174001,
2290165800,파주로
2290596800,
2290178701,회동길
2290670311,파평산로
2290628701,수원문산고속도로
2290173202,청석로
2290015502,평화로
2290642401,문예로
2290018301,평화로
2290316400,가온로
2290597101,
2290014011,등원로
2290075000,금정3길
2290588202,
2290657002,물향기1로
2290661605,파주로
2290220501,
2290276501,엘지로
2290121702,고추잠자리길
2290151500,
2290318801,경의로
2290270502,엘씨디로
2290030701,자유로
2290128613,홀작로
2290285800,구암로
2290643401,
2290330402,당동1로, 방촌로
2290661706,파주로
2290688301,
2290696300,노을빛로
2290577701,
2290039206,
2290673601,
2290025220,사임당로899번길
2290177000,문발로
2290017903,영장1교
2290212201,책향기숲길
2290659904,
2290453603,산내로
2290087701,쇠재2길
2290079002,사슴벌레로
2290138802,사목로
2290003706,고봉로
2290495701,
2290174201,풍뎅이길
2290204801,
2290266613,새오리로
2290319100,가람로
2290268301,웅지로
2290090502,율곡로
2290628801,수원문산고속도로
2290643901,회동길
2290242108,
2290074901,
2290673201,
2290677400,
2290655901,숲속노을로
2290068905,유채꽃길
2290272607,
2290114800,
2290206501,
2290661006,보광로
2290631300,신촌3로
2290597600,
2290090103,자장로17번길
2290224800,
2290621900,
2290492801,우계로
2290297200,
2290009601,장곡로
2290670917,술이홀로
2290593501,가나무로
2290080003,금월로
2290155900,술이홀로
2290240009,검산로
2290023314,자유로
2290460009,
2290054102,
2290110605,문향로75번길
2290285300,해마루길
2290037401,만월로
2290088500,중앙로
2290198205,광탄천로
2290646601,혜음로
2290647105,통일로
2290594901,
2290300801,
2290046102,
2290037607,율곡로
2290578303,
2290224801,
2290332400,방촌로
2190108205,산남로
2290025314,사임당로
2290236002,아동로
2290608701,자장로
2290611901,
2290676100,
2290286410,얼음실로
2290071900,후곡로
2290073001,후곡로
2290116101,충의로
2290100908,운정로
2290582404,
2290278001,
2290188201,
2290136000,
2290164725,소라지로
2290107402,금정로
2290304704,가람로
2290573902,화합로
2290113800,
2290239400,쇠재안길
2290076502,
2290225204,술이홀로
2290138003,충의로124번길
2290246802,청석로
2290049706,교하로
2290154909,심학산로
2290350400,술이홀로
2290495100,우계로
2290175001,참매미길
2290090412,자장로
2290124200,참매미길
2290057900,동산길
2290103101,
2290287700,산남로
2290179506,회동길
2290183806,약산로
2290020901,통일로
2290652811,방촌로
2290244400,필승로
2290497101,
2290023218,방촌로
2290218101,
2290598001,
2290199600,장지산로
2290452203,청암로17번길
2290684000,
2290236503,명동길
2290407004,금월로
2290251801,책향기로
2290045200,수선화길
2290254401,가나무로
2290663501,파주로
2290123801,참매미길
2290092900,쇠재1길
2290042500,금정3길
2290492102,
2290210300,
2290052500,번영로
2290286502,얼음실로
2290495108,우계로
2290086503,새꽃로
2290099900,법흥로
2290061615,자운서원로
2290594300,대원로
2290184504,한록산길
2290326506,휴암로
2290460402,
2290141400,
2290286315,배머리길
2290572219,율곡로
2290118800,후곡로
2290461702,감악산로
2290687100,술이홀로
2290453600,산내로
2290595401,
2290032512,오현로
2290493204,
2290671206,술이홀로
2290008705,경의로
2290163100,
2290593600,
2290373601,책향기로
2290134400,
2290140200,방촌로
2290334203,당동1로
2290038144,장마루로
2290037503,만월로
2290201002,아동로
2290071400,
2290290201,운정역길
2290026200,사임당로
2290303901,동서대로
2290689500,
2290112601,금정로
2290002012,자유로
2290230101,책향기숲길
2290633000,문발로
2290016606,통일로
2290016901,평화로
2290001805,명봉산로
2290298300,심학산로
2290032702,장승배기로
2290460600,
2290588000,
2290304900,가람로
2290303501,한울로
2290639101,회동길
2290177900,문발로
2290050202,동산3길
2290669811,술이홀로
2290039510,청송로
2290237701,새꽃로
2290127700,고산교
2290461900,감악산로
2290200101,
2290009403,보광로
2290670208,파평산로
2290037702,두포교
2290642301,문예로
2290037608,장승배기로
2290225000,
2290014200,평화로
2290061715,자운서원로
2290035402,임진각로
2290047801,엘지로
2290641901,회동길
2290037708,율곡로
2290171500,쇠재안길
2290018125,산들로
2290243802,
2290313802,금바위로
2290642103,
2290702100,운정중앙로
2290190701,봉천로
2290585002,
2290286404,평화로
2290698800,노을빛로
2290583003,검바위길
2290672302,감악산로
2290627700,남북로
2290574200,
2290038724,설마천로
2290655102,노을빛로
2290638901,회동길
2290699600,노을빛로
2290581201,사임당로
2290031510,술이홀로
2290033611,자유로
2290613601,
2290618901,휴암로
2290182602,법흥로
2290242300,
2290605001,
2290097302,
2290021803,통일로
2290460601,
2290071600,
2290310200,교하로
2290623200,
2290673302,물향기1로
2290578401,
2290126301,해바라기길
2290217202,참매미길
2290211001,
2290326805,
2290286200,배머리길
2290648405,혜음로
2290132500,
2290025501,술이홀로
2290018124,산들로
2290215801,유채꽃길
2290090801,율곡로
2290053602,법원로
2290595700,
2290225307,파발로
2290671601,감악산로
2290458200,
2290614102,
2290032001,율곡로
2290461600,감악산로
2290331601,당동1로
2290013804,영장2교
2290601400,
2290664302,통일로
2290065700,율곡로
2290148101,남북로
2290137300,자유로
2290025508,술이홀로
2290230900,
2290117105,교하로
2290316900,가온로
2290384901,어삼로
2290065901,
2290207401,
2290044803,초리골길
2290086700,쇠재로
2290684101,
2290108300,시청로
2290094300,
2290219202,만장산로
2290689100,여울길
2290300201,책향기로
2290039209,청송로
2290694300,교하로
2290023411,자유로
2290190601,송비말길
2290107205,문화로
2290073900,동산길
2290170901,문발로
2290100910,운정로
2290351000,술이홀로
2290239701,헤이리로
2290594303,대원로
2290258102,삼릉로
2290156721,봉서산로
2290131800,
2290010108,중앙로
2290156727,봉서산로
2290166500,번영로
2290164803,소라지로
2290587000,
2290661108,보광로
2290606100,교하로307번길
2290109700,봉미로
2290274806,
2290254600,학령로
2290128705,도감로
2290603701,청암로
2290055107,만월로
2290089601,고봉로
2290314902,금바위로
2290018925,방촌로
2290028805,우계로
2290491202,우계로
2290166600,번영로
2290234600,
2290494601,
2290039505,칠중3길
2290061627,자운서원로
2290373801,운정역길
2290038639,감악산로
2290001915,자유로
2290319500,미래로
2290405300,남북로
2290616101,
2290461602,감악산로
2290327600,서영로
2290572803,파주로
2290067502,장마루로
2290288806,
2290267600,
2290159602,풍뎅이길
2290234605,
2290313601,책향기로
2290012607,혜음로
2290171901,쇠재안길
2290702500,
2290183000,법흥로
2290575900,파주로
2290333100,방촌로
2290039201,청송로
2290079712,파평산로
2290037903,율곡로
2290661010,보광로
2290023204,방촌로
2290585701,등원로
2290655303,양지로
2290658801,남북로
2290493102,우계로
2290055101,만월로
2290274803,엘씨디로
2290603201,미래로
2290235604,원앙길
2290262800,
2290608504,
2290223200,
2290580600,
2290239100,쇠재안길
2290594302,고봉로
2290173300,
2290024703,
2290224600,
2290577500,
2290254200,쇠재개울길
2290145201,송비말길
2290607901,적성산단1로
2290121501,금빛로
2290237000,중앙로
2290587100,
2290618500,월롱산단길
2290106803,마무리길
2290008200,
2290493205,
2290588300,
2290621301,술이홀로
2290113601,문화로
2290248901,회동길
2290039207,청송로
2290223801,
2290625002,검산로
2290092500,쇠재1길
2290492204,
2290014603,평화로
2290150100,
2290319600,
2290124300,금빛로
2290664404,학령로
2290167306,경의로
2290625600,
2290659202,남북로
2290209400,심궁로
2290024115,통일로
2290153401,덕이로
2290642501,문발로
2290237201,
2290330500,
2290604802,
2290301000,와석순환로
2290655202,숲속노을로
2290117917,교하로
2290050201,동산3길
2290203901,문발로
2290644400,
2290646300,한빛지하차도
2290014006,등원로
2290272900,필승로
2290125700,가나무로
2290138713,반구정로
2290109300,문산역로
2290002015,자유로
2290224201,
2290032405,오현로
2290308700,
2290590003,
2290649401,수원문산고속도로
2290024704,자유로
2290597200,새꽃로
2290630901,신촌2로
2290329501,
2290240008,웅지로
2290603104,
2290670702,술이홀로
2290317401,가온로
2290622800,
2290664602,통일로
2290295001,
2290261802,정담길
2290631800,신촌3로
2290572224,율곡로
2290161801,문향로17번길
2290411100,금월로
2290184503,한록산길
2290405802,책향기로
2290226201,
2290336309,평화로
2290636301,
2290193708,방촌로
2290634500,
2290595602,
2290210303,
2290242103,
2290625200,
2290025311,사임당로
2290604601,교하로329번길
2290628200,
2290176900,직지길
2290322400,문향로
2290312703,
2290660905,부흥로
2290033707,자유로
2290217301,참매미길
2290127801,중앙로
2290265801,참매미길
2290583307,오금로
2290009401,보광로
2290026606,사임당로
2290580701,사임당로
2290621701,술이홀로
2290021703,통일로
2290216000,유채꽃길
2290455003,
2290616801,
2290018235,산들로
2290654603,심학산로
2290133700,금정4길
2290204900,
2290015614,갈현로
2290077400,오색나비길
2290326300,심학산로
2290024408,술이홀로
2290220402,만장산로
2290459606,
2290458601,소리천로
2290022926,
2290169903,파주로
2290644101,
2290095300,율곡로
2290574405,파주로
2290604602,교하로329번길
2290618601,월롱산단1길
2290033602,반구정로
2290235902,아동로
2290582101,
2290038612,설마8교
2290596100,도감로
2290581501,
2290594406,대원로
2290198204,광탄천로
2290152401,장승배기로
2290001912,자유로
2290210101,만장산로
2290011607,등원로
2290161800,문향로17번길
2290015301,통일로
2290622101,엘지로
2290133701,중앙로
2290012503,혜음로
2290019002,방촌로
2290094100,
2290137202,파주로
2290633701,재두루미길
2290694800,교하로
2290183600,법흥로
2290079613,파평산로
2290308301,와석순환로
2290019201,통일로
2290181300,
2290601500,
2290272606,
2290161501,문산역로
2290310700,금바위로
2290678800,
2290637501,문발로
2290495102,우계로
2290121701,고추잠자리길
2290049707,문발로
2290209000,심궁로
2290243700,
2290318001,미래로
2290106403,시청로
2290022505,정문로
2290205500,
2290325400,서영로
2290304101,가온로
2290247201,책향기로
2290015206,기산로
2290012510,
2290660504,부흥로
2290572223,율곡로
2290142200,충현로
2290599801,
2290645201,
2290329500,
2290072401,후곡로
2290219900,만장산로
2290349000,파주로
2290329000,
2290586401,
2290223701,숲속노을로
2290237700,새꽃로
2290269700,
2290351502,술이홀로
2290027610,사임당로
2290308800,
2290608501,청송로
2290334000,당동1로
2290107503,금정16길
2290157700,참매미길
2290044000,교하지하차도
2290248800,문발로
2290316700,와석순환로
2290004700,고봉로
2290203302,문발로
2290112700,동산7길
2290306500,와석순환로
2290117801,교하로
2290017200,평화로
2290043801,
2290196901,
2290197801,
2290605600,
2290606002,동패로
2290134803,
2290689203,여울길
2290166200,금빛로
2290622300,
2290029004,사임당로
2290307701,
2290216600,풍뎅이길
2290061726,자운서원로
2290115500,
2290492800,
2290674807,정문로
2290023409,자유로
2290209407,심궁로
2290139101,마정로
2290108301,
2290335801,당동1로
2290266601,새오리로
2290596202,도감로
2290018239,수원문산고속도로
2290276800,청석로
2290630900,신촌2로
2290270000,
2290097801,사임당로
2290650901,수원문산고속도로
2290059104,봉미로
2290679000,
2290314502,
2290001913,자유로
2290650601,수원문산고속도로
2290589600,
2290242401,
2290245101,유채꽃길
2290026701,사임당로
2290135802,
2290134204,
2290684500,
2290251001,
2290004501,
2290686300,
2290649601,
2290000805,혜음로
2290300301,책향기로
2290585400,
2290073101,후곡로
2290326700,휴암로
2290117901,교하로
2290278200,
2290263601,
2290064507,율곡로
2290590202,지목로
2290574102,화합로
2290164714,소라지로
2290215001,유채꽃길
2290077000,오색나비길
2290683400,
2290042321,어삼로
2290259300,문발로
2290199900,
2290689103,여울길
2290013908,등원로
2290275610,월롱산로
2290170300,직지길
2290037506,만월로
2290243300,
2290272605,평화로
2290019029,방촌로
2290616201,
2290250401,물향기2로
2290706400,
2290495400,
2290032408,오현로
2290592401,
2290273203,필승로
2290198802,진지로
2290018800,평화로
2290002400,고봉로
2290004205,통일로
2290667201,통일로
2290104700,
2290236800,중앙로
2290191903,뇌조로
2290632701,
2290151600,
2290021401,부흥로
2290016005,자유로
2290138804,사목로
2290207501,
2290290800,통일로
2290261805,정담길
2290624100,
2290079302,기산로
2290174401,풍뎅이길
2290613100,
2290079608,파평산로
2290588401,
2290079000,사슴벌레로73번길
2290122101,참매미길
2290011507,등원로
2290452301,청암로
2290264104,월롱산로
2290031904,통일로
2290226203,
2290265202,풍뎅이길
2290304702,가람로
2290167302,경의로
2290073300,후곡로
2290018212,월롱산로
2290452000,교하로
2290647103,통일로
2290266403,헤이리로
2290076401,
2290023203,방촌로
2290660402,새산수길
2290030603,자유로
2290671901,감악산로
2290459111,
2290248902,회동길
2290317001,책향기로
2290598402,
2290225500,
2290280101,
2290075402,
2290239907,검산로
2290606900,
2290407009,금월로
2290270900,휴암로
2290148403,교하로
2290246301,
2290125600,새꽃로
2290029911,사임당로
2290118901,
2290205400,광인사길
2290279300,
2290038629,감악산로
2290093701,쇠재1길
2290334600,경의로
2290005601,통일로
2290286504,헤이리로
2290005401,고봉로
2290301502,와석순환로
2290405808,책향기로
2290186800,
2290218401,
2290198006,광탄천로
2290285604,구암로
2290260600,방촌로955번길
2290677600,
2290265100,
2290602900,
2290336307,풀무골로
2290193100,충현로
2290228600,
2290585601,
2290042802,금정3길
2290106205,
2290262400,
2290143600,경의로
2290585802,등원로
2290199608,장지산로
2290099801,오색나비길
2290403803,
2290095500,율곡로
2290214002,해바라기길
2290198901,진지로
2290204600,광인사길
2290131001,
2290691503,보광로
2290122201,참매미길
2290068701,유채꽃길
2290060300,
2290493301,
2290164501,문발들길
2290218100,책향기숲길
2290026608,사임당로
2290076403,
2290684200,
2290494701,
2290493400,
2290168601,파주로
2290012000,경의로
2290040103,감악산로
2290611801,
2290020704,혜음로
2290332700,방촌로
2290300902,와석순환로
2290132001,
2290109100,문산역로
2290620200,
2290012509,혜음로
2290069401,유채꽃길
2290234603,새꽃로
2290023413,자유로
2290575700,
2290493304,
2290065100,
2290191900,뇌조로
2290091300,
2290190801,송비말길
2290038722,설마천로
2290595503,
2290317501,교하로
2290232000,
2290252302,숲속노을로
2290160802,문향로
2290103700,
2290227900,회동길
2290290400,
2290178001,문발로
2290247901,회동길
2290029903,사임당로
2290049606,
2290648401,혜음로
2290045901,책향기로
2290004801,고봉로
2290033613,자유로
2290670704,술이홀로
2290283201,사임당로
2290202801,광인사길
2290002019,자유로
2290286501,얼음실로
2290117803,남북로
2290194501,시청로
2290612301,
2290614800,
2290593000,원앙길
2290038406,
2290635300,
2290215202,유채꽃길
2290578502,문현말길
2290258702,
2290575200,파주로
2290270102,
2290336700,평화로
2290168600,
2290681300,
2290203500,
2290314400,
2290068501,안개초길
2290239913,검산로
2290329300,
2290000804,혜음로
2290012700,
2290630801,신촌로
2290047401,노을빛로
2290130001,
2290672201,감악산로
2290125601,금빛로
2290311601,미래로
2290699900,청석로
2290615402,
2290333900,당동1로
2290038441,청송로
2290284400,
2290261500,시청로
2290630000,소라지로97번길
2290266513,헤이리로
2290017601,혜음로
2290663903,파주로
2290598800,
2290661903,방촌로
2290034108,통일로
2290585200,다래울길
2290106704,시민회관길
2290231900,
2290001804,명봉산로
2290028808,통일로
2290270002,
2290287200,평화누리 자전거길
2290040500,양연로
2290288708,운정역길
2290090402,자장로
2290497502,
2290295901,심학산로
2290045201,파주로
2290080201,천정구로
2290574101,화합로
2290614001,사임당로
2290285608,구암로
2290596702,경의로
2290123400,하늘소로
2290088902,삼릉로
2290047501,안개초길
2290145400,청석로
2290280401,
2290002003,자유로
2290210601,
2290328001,
2290287900,산남로
2290180000,회동길
2290266204,필승로
2290686000,
2290671303,술이홀로
2290688700,
2290113802,문산로
2290218200,
2290047301,해바라기길
2290587800,
2290043701,파주로
2290697700,노을빛로
2290026301,술이홀로
2290136700,엘지로
2290606901,
2290236001,중앙로
2290270100,
2290078402,참매미길
2290106802,
2290586901,
2290085800,천정구로
2290442902,파주로
2290121100,금빛로
2290201300,새꽃로
2290102900,천정구로
2290006901,파주로
2290027900,화합로
2290002017,자유로
2290669201,통일로
2290304802,가람로
2290585600,
2290304801,가람로
2290021601,검산로
2290163600,문발로
2290026201,사임당로
2290011800,보광로
2290154812,심학산로
2290160301,하늘소로
2290019007,평화로
2290079801,술이홀로
2290664901,통일로
2290240014,검산로
2290107900,시청로
2290269901,엘씨디로
2290223501,
2290491600,
2290205600,
2290608101,적성산단로
2290665702,통일로
2290048401,
2290060200,마정로
2290336500,평화로
2290636200,
2290069202,노을빛로
2290264800,하늘소로
2290583101,방촌로
2290596502,금정로
2290098202,하늘소로
2290255001,중앙로
2290163003,개포래로
2290228501,문발로
2290076802,법흥로
2290636400,
2290251601,
2290258900,내산길
2290617303,
2290266644,새오리로
2290046501,
2290198400,명봉산로262번길
2290065200,
2290645200,
2290027006,우계로
2290670105,술이홀로
2290618801,월롱산단1길
2290137800,
2290574000,
2290033201,통일로
2290616202,
2290405000,남북로
2290574400,파주로
2290272300,방촌로
2290302301,미래로
2290303100,경의로
2290037504,만월로
2290152200,장승배기로
2290261800,정담길
2290213801,안개초길
2290576300,적성산단로
2290187600,
2290631900,
2290601100,
2290684900,
2290211700,청석로
2290204702,광인사길
2290114201,문향로75번길
2290648507,혜음로
2290492401,
2290038427,덕천교
2290188701,
2290186001,
2290111803,가나무로
2290029707,사임당로
2290666501,
2290144400,금정5길
2290305000,가람로
2290224500,
2290269501,엘지로
2290650501,
2290635500,
2290606700,적성산단2로
2290154002,교하로
2290061500,
2290626301,
2290623300,
2290090204,자장로17번길
2290122501,참매미길
2290067506,장마루로
2290598700,
2290038527,청송로
2290259200,
2290403703,
2290199000,진지로
2290082401,쇠재개울길
2290301101,와석순환로
2290038551,청송로
2290403200,
2290055800,한마음2길
2290193709,방촌로
2290022004,새산수길
2290173702,
2290676300,
2290285602,구암로
2290161901,문향로
2290063800,자운서원로
2290060301,임진각로
2290613600,
2290025401,술이홀로
2290156900,화석정로126번길
2290619400,
2290232902,
2290015616,
2290199800,보광로
2290239000,쇠재안길
2290633301,
2290301001,
2290109001,통일로
2290142400,고봉로
2290575500,
2290623801,
2290327200,
2290320102,동서대로
2290104001,
2290278100,
2290314901,
2290077201,오색나비길
2290010902,경의로
2290070502,교하로
2290210002,만장산로
2290239700,한록산길
2290674912,정문로
2290239914,검산로
2290116300,교하로
2290127000,한산로
2290138900,마정로
2290038439,청송로
2290692000,감악산로
2290572300,파주로
2290661109,보광로
2290133600,중앙로
2290239601,헤이리로
2290139005,마정로
2290024304,혜음로
2290628100,
2290644500,
2290302500,
2290038735,설마천로
2290110004,문향로
2290459012,
2290320200,동서대로
2290067501,장마루로
2290086501,평화로
2290599601,
2290233800,노을빛로
2290010207,
2290134000,중앙로
2290656702,청석로
2290168101,아동로
2290607500,적성산단로
2290184400,필승로
2290000806,
2290611301,
2290608200,적성산단로
2290252806,필승로
2290615901,
2290336207,평화로
2290178900,
2290601201,
2290208400,
2290032202,사임당로
2290648205,
2290266600,새오리로
2290040318,구읍로
2290015702,정문로
2290097900,
2290126401,해바라기길
2290574914,
2290696900,
2290696400,심학산로
2290028502,우계로
2290011400,
2290261101,방촌로
2290010102,통일로
2290607403,적성산단로
2290176200,필승로
2290222200,숲속노을로
2290442600,
2290335400,서영로
2290278901,
2290217401,하늘소로
2290062802,마음밭길
2290195501,
2290090803,
2290270200,
2290615801,
2290270306,엘지로
2290078202,고추잠자리길
2290662503,방촌로
2290021408,부흥로
2290315101,
2290660904,부흥로
2290042211,
2290097800,보광로
2290057600,동산7길
2290307100,
2290184505,한록산길
2290002023,자유로
2290049200,후곡로
2290619200,
2290334202,당동1로
2290271708,새오리로
2290038545,청송로
2290300701,
2290008709,경의로
2290122202,참매미길
2290604200,청암로48번길
2290640700,
2290670711,술이홀로
2290305700,미래로
2290609002,
2290574903,화합로
2290032504,오현로
2290600600,
2290264005,월롱산로
2290096900,
2290129006,보광로
2290008703,경의로
2290030000,자유로
2290284802,
2290053801,
2290158502,하늘소로
2290191200,봉천로
2290093600,
2290298000,미래로
2290298700,책향기로
2290674701,동서로
2290089001,통일로
2290225601,
2290215800,유채꽃길
2290275705,월롱산로
2290269800,
2290206800,
2290130500,
2290271901,
2290116600,교하로
2290257703,능안로
2290134901,
2290613301,
2290107501,금정로
2290079402,보광로
2290669904,술이홀로
2290264600,풍뎅이길
2290571900,
2290252900,헤이리로
2290006903,파주로
2290657102,양지로
2290139500,통일로
2290070901,교하로
2290247400,회동길
2290266707,새오리로
2290660103,파주로
2290331900,방촌로
2290017506,등원로
2290188301,
2290076300,
2290270403,엘지로
2290005201,명봉산로
2290166401,
2290023028,
2290053206,화합로
2290602400,
2290326400,휴암로
2290027605,사임당로
2290038728,설마천로
2290333002,방촌로
2290238300,쇠재안길
2290572802,파주로
2290573100,보광로
2290215300,유채꽃길
2290312500,가온로
2290002504,
2290318401,미래로
2290266604,새오리로
2290210403,
2290039215,청송로
2290067514,장마루로
2290270704,휴암로
2290470800,숲속노을로
2290164602,문발들길
2290139401,통일로
2290031100,반구정로
2290669813,술이홀로
2290069701,
2290234902,원앙길
2290283908,
2290015608,
2290138004,충의로
2290459900,
2290701500,운정중앙로
2290173401,청석로
2290154005,교하로
2290572301,
2290602500,
2290014001,등원로
2290009200,
2290215401,유채꽃길
2290674811,정문로
2290295300,미래로408번길
2290089700,
2290285803,구암로
2290284200,
2290582500,
2290284800,율곡로
2290138610,당동1로
2290089302,고봉로
2290301301,산내로
2290286317,배머리길
2290147501,경의로
2290047101,노을빛로
2290255101,대원로
2290308001,와석순환로
2290008804,경의로
2290273701,청석로
2290640502,
2290029701,사임당로
2290583300,오금로
2290322800,
2290158200,하늘소로
2290114503,방촌로
2290332301,방촌로
2290239901,검산로
2290110000,문향로
2290301700,심학산로
2290671502,감악산로
2290072600,새꽃로
2290601801,한울로
2290180801,문발로
2290336310,평화로
2290079906,술이홀로
2290328801,개포래로
2290629605,교하로
2290218500,
2290403401,방촌로
2290264802,필승로
2290234901,새꽃로
2290156632,봉서산로
2290164601,문발들길
2290021003,통일로
2290011713,보광로
2290278700,
2290154102,교하로
2290327800,서영로
2290190501,송비말길
2290301801,심학산로
2290134804,
2290313501,금바위로
2290029002,사임당로
2290599202,
2290103400,
2290685800,
2290240005,검산로
2290051001,평화로
2290037513,만월로
2290022608,정문로
2290621901,
2290039314,
2290635600,재두루미길
2290233600,
2290139600,
2290301200,미래로
2290624900,웅지로
2290584500,
2290608603,
2290114001,방촌로
2290058500,문향로
2290321000,
2290170700,광인사길
2290699000,노을빛로
2290210200,동거리길
2290573201,보광로
2290254000,쇠재안길
2290652804,방촌로
2290116000,충의로
2290195201,
2290198217,광탄천로
2290025605,방촌로
2290327002,휴암로
2290299701,금바위로
2290662801,파주로
2290641401,
2290624200,
2290691801,
2290041701,양연로
2290689000,
2290026706,
2290581603,
2290000803,혜음로
2290198008,광탄천로
2290079907,술이홀로
2290293700,교하로
2290174900,참매미길
2290674911,정문로
2290335007,스튜디오시티로
2290493303,
2290636800,
2290248501,회동길
2290244801,유채꽃길
2290088801,통일로
2290298901,책향기로
2290641502,
2290322301,통일로
2290128911,보광로
2290155201,파평산로
2290210900,
2290033104,통일로
2290023316,자유로
2290612201,경의로
2290151801,장승배기로
2290595002,
2290056601,동산6길
2290098203,하늘소로
2290110601,문향로
2290662701,파주로
2290098201,오색나비길
2290263200,
2290333603,
2290047800,엘지로
2290331000,
2290021600,방촌로
2290571910,동서로
2290583202,
2290061613,자운서원로
2290245702,유채꽃길
2290117701,교하로
2290225205,파발로
2290266708,새오리로
2290024411,술이홀로
2290274507,
2290198404,명봉산로352번길
2290097102,
2290315801,
2290128904,보광로
2290594400,대원로
2290274501,엘씨디로
2290107502,금정로
2290276100,월롱산로
2290629300,
2290599301,
2290655604,노을빛로
2290674804,정문로
2290666702,통일로
2290148800,청암로
2290607102,
2290582206,연풍로
2290107505,
2290205001,회동길
2290074300,동산길
2290214401,노을빛로
2290167700,
2290691300,수도권제2순환고속도로
2290088303,중앙로
2290213802,안개초길
2290038503,
2290189001,
2290021724,
2290453904,산내로
2290219502,보광로
2290219300,만장산로
2290220800,
2290668301,통일로
2290332100,방촌로
2290077801,고추잠자리길
2290148900,청암로
2290675300,
2290138710,반구정로
2290326301,심학산로
2290452904,청암로
2290165000,
2290059100,문향로
2290154701,교하로
2290065501,
2290273500,
2290029915,사임당로
2290294303,교하로
2290120501,금빛로
2290278102,
2290029606,사임당로
2290336603,평화로
2290691604,보광로
2290067902,
2290407003,금월로
2290042003,
2290330701,
2290115900,충의로
2290575003,화합로
2290495101,
2290175702,풍뎅이길
2290331302,방촌로
2290574002,화합로
2290006301,파주로
2290262101,마음밭길
2290312900,가온로
2290453800,교하로159번길
2290100807,운정로
2290002301,
2290659801,
2290257200,능안로
2290191702,
2290106804,마무리길
2290639700,회동길
2290007500,
2290083100,쇠재로
2290152402,
2290273603,청석로
2290631500,신촌2로
2290052600,번영로
2290306800,와석순환로
2290260402,자유로
2290198104,광탄천로
2290038814,통일로
2290462600,설마1터널
2290168401,통일로
2290146601,
2290138613,당동1로
2290261702,마음밭길
2290074301,
2290170000,
2290100801,운정로
2290107600,금정로
2290009802,금릉역로
2290327102,
2290105300,동산6길
2290246000,책향기로
2290066600,청송로208번길
2290640901,교하로
2290215101,유채꽃길
2290627102,헤이리로
2290051502,동산1길
2290493401,
2290582502,
2290675500,
2290675700,
2290225106,술이홀로
2290331001,
2290459700,소리천로
2290661301,부흥로
2290031408,
2290220400,만장산로
2290686400,
2290257600,능안로
2290087301,쇠재2길
2290007411,장곡로
2290225600,
2290102701,천정구로
2290641802,회동길
2290225502,우계로
2290266200,필승로
2290056900,동산6길
2290311300,미래로
2290327101,휴암로
2290023212,한산로
2290333801,당동2로
2290025214,
2290156606,봉서산로
2290605400,적성산단로
2290668701,통일로
2290610000,
2290062306,화석정로
2290231500,
2290023112,한산로
2290037408,만월로
2290630302,신촌1로
2290218900,
2290264701,필승로
2290492901,
2290099201,고추잠자리길
2290156710,봉서산로
2290159900,풍뎅이길
2290026601,사임당로
2290029901,사임당로
2290145300,
2290016002,자유로
2290007101,
2290012619,혜음로
2290255005,중앙로
2290201603,아동로
2290591301,회동길
2290267301,방촌로
2290316602,가온로
2290200501,금정로
2290680500,
2290493701,
2290138306,장산로
2290606402,율곡로
2290590600,신촌3로
2290294000,교하로
2290104900,후곡로
2290229400,
2290662201,파주로
2290626101,
2290083301,쇠재1길
2290143501,경의로
2290594500,
2290626900,
2290685000,
2290266705,새오리로
2290015005,평화로
2290042002,율곡로
2290077700,고추잠자리길
2290264201,참매미길
2290179100,
2290075900,번영로
2290038405,청송로
2290406908,금월로
2290210800,
2290661801,방촌로
2290306301,
2290025705,방촌로
2290586101,
2290028901,우계로
2290243200,
2290093001,쇠재1길
2290260500,
2290049613,지목로
2290315500,
2290573604,파주로
2290582201,
2290669804,술이홀로
2290644401,
2290492704,
2290671402,청송로
2290175800,풍뎅이길
2290022935,
2290308403,
2290695200,교하로
2290150400,혜음로
2290326502,휴암로
2290192201,뇌조로
2290207901,
2290038823,
2290157400,
2290325200,솥뒤로
2190224902,경의로
2290572303,파주로
2290092102,율곡로
2290598002,
2290022929,
2290636901,
2290193204,
2290598701,금바위로
2290056902,동산6길
2290663101,파주로
2290588108,가재울로
2290076500,
2290233001,
2290326201,심학산로
2290253600,쇠재2길
2290105201,동산2길
2290199402,장지산로
2290303101,와석순환로
2290405502,심학산로
2290128704,도감로
2290263000,
2290119304,
2290038824,
2290038709,설마천로
2290128502,홀작로
2290075100,
2290671301,술이홀로
2290149000,청암로
2290151000,평화누리 자전거길
2290046100,
2290331901,방촌로
2290669601,술이홀로
2290027801,화합로
2290199615,장지산로
2290008708,
2290319200,미래로
2290190802,봉천로
2290023317,자유로
2290674001,수원문산고속도로
2290240023,검산로
2290574601,
2290655502,숲속노을로
2290059200,율곡로
2290173901,개포래로
2290267401,방촌로
2290294501,와석순환로
2290038822,통일로
2290596500,금정28길
2290181203,광인사길
2290004001,혜음로
2290089101,
2290104101,동산8길
2290207402,
2290327401,서영로
2290049604,평화누리 자전거길
2290240901,방촌로
2290687400,
2290270804,휴암로
2290622802,
2290678100,
2290038428,눌노교
2290013301,평화로
2290026108,화합로
2290147701,평화로
2290162000,문향로17번길
2290119403,
2290089701,
2290596200,도감로
2290093300,쇠재개울길
2290028102,
2290181301,문발로
2290608611,
2290198004,광탄천로
2290017000,평화로
2290276600,
2290451802,교하로
2290103901,
2290100911,운정로
2290302000,와석순환로
2290122701,하늘소로
2290270600,엘씨디로
2290013920,등원로
2290454100,교하로
2290452902,청암로
2290238101,쇠재안길
2290013401,평화로
2290208201,
2290011811,보광로
2290409001,금월로
2290234400,새꽃로
2290290202,운정역길
2290038727,감악산로
2290691100,
2290272101,평화로
2290611601,
2290330601,방촌로
2290038509,
2290645000,
2290270101,엘씨디로
2290098700,고추잠자리길
2290077300,오색나비길
2290027607,사임당로
2290163102,개포래로
2290023107,방촌로
2290697500,노을빛로
2290124601,금빛로
2290275720,월롱산로
2290599501,
2290640600,
2290462900,감악산로
2290459201,소리천로
2290336401,
2290280001,
2290572901,보광로
2290086100,새꽃로
2290183901,
2290574307,
2290027609,사임당로
2290147300,경의로
2290011812,보광로
2290164802,소라지로
2290006501,파주로
2290256904,대원로
2290255900,숲속노을로
2290022202,방촌로
2290007902,명봉산로
2290123600,참매미길
2290188300,
2290144601,금정로
2290327900,수원문산고속도로
2290079904,술이홀로
2290336208,평화로
2290148409,교하로
2290237100,
2290669907,술이홀로
2290279400,책향기숲길
2290100401,오색나비길
2290033609,자유로
2290315900,해솔로
2290242105,평화로
2290043001,
2290574300,파주로
2290116004,충의로
2290197101,도감로
2290706200,물향기1로
2290110204,문산로40번길
2290165701,파주로
2290228800,
2290627902,풀무골로
2290032004,율곡로
2290079201,참매미길
2290018914,방촌로
2290582701,엘씨디로
2290225206,파발로
2290008600,파주로
2290057000,동산6길
2290036800,
2290057100,동산6길
2290286406,얼음실로
2290655203,양지로
2290597401,
2290023211,방촌로
2290615803,
2290045700,
2290652901,방촌로
2290237401,
2290405001,책향기로
2290055500,번영로
2290199702,
2290172701,
2290458506,
2290029814,사임당로
2290245401,유채꽃길
2290132501,
2290207201,
2290670605,술이홀로
2290344900,파주로
2290023415,자유로
2290188102,
2290104501,
2290670001,술이홀로
2290624902,웅지로
2290239928,검산로
2290209800,동거리길
2290099702,법흥로
2290136400,엘지로
2290137900,충의로124번길
2290266405,
2290119302,
2290033702,자유로
2290038919,통일로
2290216201,유채꽃길
2290320203,산남로
2290670501,술이홀로
2290579501,월롱산단길
2290266901,월롱산로
2290346101,등원로
2290322600,파주로
2290405801,책향기로
2290239926,검산로
2290015202,기산로
2290403301,남북로
2290629504,교하로
2290317100,가온로
2290345100,파주로
2290320600,남북로
2290144800,
2290451601,교하로
2290581200,사임당로907번길
2290595501,가람로150번길
2290013914,등원로
2290070202,책향기로
2290661203,부흥로
2290076301,
2290629505,교하로
2290256802,대원로
2290575002,갈곡2교
2290113701,금정로
2290452903,청암로
2290628000,풀무골로
2290191700,
2290236700,중앙로
2290103100,
2290218801,
2290040315,구읍로
2290040107,감악산로
2290606602,적성산단로
2290019402,평화로
2290227001,
2290646000,
2290029710,사임당로
2290266404,헤이리로
2290637000,
2290493501,
2290609400,와석순환로172번길
2290038911,
2290164816,소라지로
2290616601,
2290617400,
2290127100,봉천로
2290138514,율곡로
2290407007,금월로
2290297500,경의로
2290031501,술이홀로
2290254801,중앙로
2290183804,약산로
2290012404,경의로
2290069304,유채꽃길
2290032506,오현로
2290284501,
2290275708,월롱산로
2290300800,
2290179400,광인사길
2290238700,쇠재안길
2290063701,자운서원로
2290006402,파주로
2290402406,남북로
2290199703,
2290009901,기곡길
2290672102,감악산로
2290266634,새오리로
2290076400,
2290024102,통일로
2290066700,청송로208번길
2290594201,운정역길
2290625601,
2290653701,수원문산고속도로
2290058907,문향로
2290627900,풀무골로
2290059102,방촌로
2290159501,풍뎅이길
2290643301,
2290039504,청송로
2290608600,
2290184202,필승로
2290582504,
2290578102,
2290331101,
2290025502,술이홀로
2290189400,
2290010209,통일로
2290407006,금월로
2290018907,방촌로
2290038003,청송로
2290239904,검산로
2290108401,
2290619500,
2290225304,
2290453503,교하로
2290127300,봉천로
2290069501,유채꽃길
2380285000,감악산로
2290312600,가온로
2290612000,
2290617406,
2290225703,술이홀로
2290059300,율곡로
2290107300,
2290261200,시청로
2290639000,
2290028402,우계로
2290693600,감악산로
2290011805,보광로
2290067906,장마루로
2290574910,화합로
2290119002,
2290138903,마정로
2290256600,숲속노을로
2290335010,휴암로
2290644000,
2290291303,
2290593001,금정28길
2290079103,사슴벌레로73번길
2290164721,소라지로
2290193901,
2290206601,
2290145700,
2290239402,쇠재안길
2290018300,평화로
2290283103,
2290691702,보광로
2290671202,술이홀로
2290283105,
2290234502,새꽃로
2290202101,금정18길
2290654201,방촌로
2290035310,율곡로
2290312803,가온로
2290318600,동서대로
2290336702,평화로
2290163201,개포래로
2190108203,산남로
2290239919,검산로
2290144101,
2290137201,쌀뚜기길
2290014018,등원로
2290594307,대원로
2290102703,천정구로
2290651401,산들로
2290118006,교하로
2290161001,문향로
2290293301,
2290589200,와석순환로172번길
2290017402,혜음로
2290578611,문현말길
2290123601,참매미길
2290587600,천정구로
2290157801,참매미길
2290219505,보광로
2290255901,숲속노을로
2290089600,
2290455004,
2290235901,중앙로
2290163700,교하로
2290140604,율곡로
2290241500,평화로
2290016400,혜음로
2290197000,도감로
2290587304,내산길
2290128700,도감로
2290572225,율곡로
2290573603,
2290253300,쇠재안길
2290128302,
2290238000,동산3길
2290660501,부흥로
2290305201,해솔로
2290320701,제2자유로
2290085802,천정구로
2290226801,회동길
2290628900,
2290158600,하늘소로
2290039410,감악산로
2290110100,
2290202701,
2290620901,
2290011503,파주로
2290014005,등원로
2290063402,교하로
2290091301,
2290043101,
2290018131,금월로
2290656104,심학산로
2290404803,남북로
2290248401,회동길
2290495500,
2290191401,통일로
2290106501,시청로
2290010106,통일로
2290023216,
2290684700,
2290038048,청송로
2290028600,문산로
2290597701,가람로
2290286506,얼음실로
2290054405,
2290310901,와석순환로
2290347000,파주로
2290084300,쇠재개울길
2290189800,
2290324400,솥뒤로
2290019401,평화로
2290286206,배머리길
2290275710,월롱산로
2290652910,방촌로
2290328101,서영로
2290062000,자운서원로
2290600501,
2290007104,
2290632200,재두루미길
2290038131,청송로
2290025612,방촌로
2290023305,자유로
2290592101,
2290217800,참매미길
2290163902,교하로
2290634002,
2290113401,시청로
2290004204,
2290156709,봉서산로
2290025506,술이홀로
2290131801,
2290121302,금빛로
2290684100,
2290306201,심학산로
2290134500,
2290188200,
2290202800,광인사길
2290043100,
2290024003,정문로
2290269906,
2290076100,새꽃로
2290015613,남북로
2290035507,임진각로
2290299100,와석순환로
2290002603,
2290024402,호명교
2290615602,
2290220304,만장산로
2290621402,오봉골길
2290036100,자유로
2290177100,직지길
2290038417,청송로
2290299000,책향기로
2290199516,장지산로
2290301201,미래로
2290052301,
2290004203,통일로
2290192802,
2290596101,도감로
2290593102,유채꽃길
2290643702,
2290588107,가재울로
2290010306,
2290038708,설마천로
2290038706,설마천로
2290686100,
2290099100,고추잠자리길
2290133406,금정로
2290022506,
2290069402,유채꽃길
2290266704,새오리로
2290080202,교하로
2290637800,문발로
2290680200,
2290078901,사슴벌레로
2290181400,문발로
2290129300,보광로
2290404605,남북로
2290603300,
2290004103,통일로
2290451801,청암로
2290024601,
2290119303,
2290656502,청석로
2290010305,
2290086800,쇠재로
2290406906,금월로
2290049400,새꽃로
2290017508,등원로
2290015204,보광로
2290198401,명봉산로352번길
2290405707,책향기로
2290266800,새오리로
2290021406,부흥로
2290043800,파주로
2290061710,자운서원로
2290234604,새꽃로
2290052100,
2290021418,부흥로
2290054400,
2290685700,
2290245300,유채꽃길
2290038737,감악산로
2290001911,자유로
2290061626,자운서원로
2290261301,마음밭길
2290128500,홀작로
2290615100,
2290226401,광인사길
2290615000,
2290336000,당동2로
2290654602,심학산로
2290273100,필승로
2290017606,등원로
2290190902,
2290324801,
2290167411,경의로
2290193703,방촌로
2290671702,감악산로
2290063501,사임당로
2290404100,책향기로
2290049800,
2290588601,
2290306100,미래로
2290053902,
2290075800,새꽃로
2290199512,장지산로
2290345900,
2290621300,오봉골길
2290032500,오현로
2290625201,
2290452400,교하로
2290586702,아동로
2290018001,쇠장이길
2290214402,책향기로
2290074600,
2290033709,자유로
2290328000,수원문산고속도로
2290023307,자유로
2290092902,쇠재1길
2290019200,통일로
2290673303,
2290459007,
2290639600,
2290697800,노을빛로
2290033001,율곡로
2290006000,파주로
2290199300,장지산로
2290164000,
2290572110,율곡로
2290014008,등원로
2290039506,청송로
2290640602,
2290405705,책향기로
2290655001,숲속노을로
2290583407,
2290198105,광탄천로
2290600002,운정역길
2290176902,직지길
2290128606,홀작로
2290048901,시청로
2290099800,법흥로
2290068300,율곡로
2290044700,초리골길
2290313301,금바위로
2290110400,문산로
2290578610,문현말길
2290027707,사임당로
2290158100,참매미길
2290329800,
2290025804,자유로
2290402300,남북로
2290269500,엘지로
2290033803,율곡로
2290145801,
2290667001,통일로
2290074401,동산3길
2290242903,
2290018122,
2290231501,
2290199302,장지산로
2290171701,쇠재개울길
2290603400,
2290023111,방촌로
2290460001,가람로
2290057400,동산8길
2290154007,교하로
2290187901,
2290023319,자유로
2290164817,소라지로
2290076503,
2290460502,
2290680600,
2290123700,참매미길
2190108106,산남로
2290197902,광탄천로
2290659903,
2290038002,청송로
2290302401,미래로
2290262702,
2290059107,
2290088901,통일로
2290617601,
2290596900,
2290599101,
2290619301,문산역로
2290090701,
2290289500,운정역길
2290021723,통일로
2290231300,
2290090202,자장로17번길
2290275601,월롱산로
2290197200,도감로
2290025714,방촌로
2290277500,
2290572010,동서로
2290028802,우계로
2290154108,교하로
2290221200,
2290642700,
2290272501,방촌로
2290234300,새꽃로
2290613901,사임당로
2290123900,참매미길
2290652905,방촌로
2290038818,통일로
2290288805,
2290347700,파주로
2290494700,
2290664704,통일로
2290099400,법흥로
2290231400,
2290029812,사임당로
2290459301,와석순환로
2290210201,동거리길
2290046600,책향기숲길
2290654302,문현말길
2290274601,
2290674301,
2290238900,쇠재안길
2290493500,
2290005800,파주로
2290606800,
2290049601,지목로
2290635202,
2290336001,
2290014015,등원로
2290250800,책향기숲길
2290034401,율곡로
2290259600,
2290072800,가나무로
2290634101,
2290405708,책향기로
2290151201,
2290264001,월롱산로
2290090302,자장로
2290625800,
2290308101,와석순환로
2290249301,회동길
2290242001,평화로
2290130101,
2290626300,
2290269902,
2290644201,
2290052700,동산2길
2290581000,
2290212301,책향기숲길
2290578202,
2290291401,
2290609001,
2290199005,진지로
2290266100,필승로
2290039101,청송로
2290162501,문향로17번길
2290642102,
2290572101,
2290124100,참매미길
2290018230,수원문산고속도로
2290607002,
2290139000,마정로
2290222700,
2290280502,
2290056401,동산6길
2290350600,술이홀로
2290642901,문발로
2290028001,화합로
2290327502,서영로
2290636501,
2290252301,숲속노을로
2290103600,
2290110501,문향로
2290408101,금월로
2290167800,
2290296700,
2290408901,금월로
2290324403,솥뒤로
2290689200,여울길
2290006500,파주로
2290593700,
2290629502,교하로
2290038043,율곡로
2290493201,
2290024405,술이홀로
2290167900,
2290117203,교하로
2290182101,광인사길
2290259102,내산길
2290319301,미래로
2290621200,
2290049713,지목로
2290656501,청석로
2290182500,법흥로
2290407002,금월로
2290271100,휴암로
2290078801,평화로
2290040003,감악산로
2290170500,광인사길
2290294101,교하로329번길
2290332101,방촌로
2290102702,천정구로
2290635400,
2290671501,감악산로
2290302903,경의로
2290656103,심학산로
2290240033,검산로
2290455102,해솔로
2290302501,한울로
2290492304,
2290011300,
2290042901,금정3길
2290497500,
2290024216,문산역로
2290138615,당동1로
2290578100,
2290273200,필승로
2290318200,미래로
2290143201,통일로
2290029300,자유로
2290628601,
2290052001,동산2길
2290491300,우계로
2290253100,쇠재안길
2290280800,
2290275500,엘지로
2290314700,금바위로
2290161302,문향로17번길
2290578901,휴암로
2290263301,
2290225309,파발로
2290225403,
2290670803,술이홀로
2290004002,혜음로
2290233701,노을빛로
2290704200,
2290240100,검산로
2290273101,
2290183200,법흥로
2290103801,
2290081701,사임당로
2290350000,술이홀로
2290623601,
2290286412,얼음실로
2290624302,
2290090000,율곡로
2290106402,시청로
2290217601,참매미길
2290122900,참매미길
2290106801,
2290144600,금정로
2290221003,
2290330600,
2290266202,필승로
2290242104,
2290015504,평화로
2290231200,
2290266514,헤이리로
2290099700,법흥로
2290165901,새꽃로
2290024110,통일로
2290280602,
2290275611,월롱산로
2290460700,
2290597302,
2290016502,통일로
2290110001,문향로
2290109800,문향로
2290452303,청암로17번길
2290086402,
2290038627,감악산로
2290242901,성동로
2290067702,장마루로
2290632300,재두루미길
2290023407,자유로
2290310300,교하로
2290023903,
2290307600,
2290406901,금월로
2290664502,통일로
2290170701,
2290250601,책향기숲길
2290583205,
2290670622,술이홀로
2290042700,금정5길
2290085901,경의로
2290683200,
2290162700,
2290069601,책향기로
2290199903,보광로
2290015705,정문로
2290029803,
2290038613,설마천로
2290015503,평화로
2290020713,혜음로
2290655503,숲속노을로
2290173100,청석로
2290222701,
2290066000,파평산로
2290617100,
2290674903,정문로
2290140508,율곡로
2290113301,평화로
2290110101,문향로
2290608800,
2290625900,
2290627801,남북로
2290237501,새꽃로
2290079301,쇠장이길
2290157901,하늘소로
2290271001,휴암로
2290038544,청송로
2290324401,솥뒤로
2290463100,감악산로
2290038150,청송로
2290078600,사슴벌레로
2290098600,고추잠자리길
2290055501,한마음2길
2290021827,도감로
2290166700,경의로
2290629901,신촌로
2290665201,통일로
2290348500,
2290223800,
2290062207,화석정로
2290183100,법흥로
2290156616,봉서산로
2290176500,필승로
2290203101,광인사길
2290176300,필승로
2290265501,법흥로
2290102802,천정구로
2290029818,사임당로
2290662101,휴암로
2290068600,안개초길
2290224601,
2290105800,동산8길
2290603101,
2290038914,통일로
2290199617,장지산로
2290614902,
2290130301,
2290614900,
2290644200,
2290573202,보광로
2290164719,소라지로
2290128201,
2290312300,한울로
2290217801,참매미길
2290259703,문발로
2290579802,월롱산단3길
2290679800,
2290645001,
2290092901,쇠재개울길
2290023408,자유로
2290130201,
2290643200,
2290635901,
2290196300,
2290078200,참매미길
2290614600,
2290284903,율곡로
2290039508,청송로
2290072701,새꽃로
2290404101,책향기로
2290295301,미래로408번길
2290635101,문발로
2290460401,
2290614501,
2290452101,책향기로
2290681400,
2290121900,고추잠자리길
2290458403,소리천로
2290270407,엘지로
2290119305,
2290373000,책향기로
2290164727,소라지로
2290219000,동거리길
2290034800,통일로
2290641002,문예로
2290648206,혜음로
2290058901,통일로
2290279802,책향기숲길
2290594304,고봉로
2290618200,월롱산단3길
2290089901,자장로
2290588101,
2290614200,
2290602901,
2290106107,시청로
2290227801,문발로
2290138401,
2290183001,법흥로
2290196301,
2290582800,
2290261405,시청로
2290617101,
2290625006,웅지로
2290648002,명봉산로
2290659402,청암로
2290670109,술이홀로
2290320501,남북로
2290167001,경의로
2290326702,휴암로
2290109705,봉미로
2290176101,하늘소로
2290014202,평화로
2290206300,
2290019022,방촌로
2290259500,
2290090307,자장로
2290312400,한울로
2290228301,
2290626000,
2290068807,유채꽃길
2290700200,심학산로
2290243800,
2290138608,당동1로
2290274406,엘씨디로
2290215500,유채꽃길
2290250501,책향기숲길
2290063601,사임당로
2290666802,통일로
2290226501,
2290152001,장승배기로
2290268700,엘씨디로
2290266803,새오리로
2290266632,새오리로
2290100500,
2290012800,
2290216701,풍뎅이길
2290198114,광탄천로
2290178401,문발로
2290164301,
2290700900,운정중앙로
2290209308,심궁로
2290584601,
2290200302,
2290307901,와석순환로
2290329401,방촌로
2290024001,
2290107200,문화로
2290266713,새오리로
2290186401,
2290092101,율곡로
2290336304,
2290627800,남북로
2290060102,마정로
2290572120,율곡로
2290040108,감악산로
2290634800,
2290219100,만장산로
2290125000,금빛로
2290661703,파주로
2290236900,중앙로
2290177501,문발로
2290615400,
2290311301,미래로
2290577400,
2290079807,술이홀로
2290193000,충현로
2290309500,심학산로
2290634200,
2290024108,통일로
2290082501,쇠재개울길
2290023500,방촌로
2290272804,얼음실로
2290139100,마정로
2290329302,
2290680100,
2290090306,자장로
2290629400,
2290217101,참매미길
2290143800,경의로
2290278400,
2290577202,당동1로
2290314600,
2290123802,사슴벌레로
2290176600,광인사길
2290106705,중앙로
2290575104,파주로
2290035602,자유로
2290573200,보광로
2290314900,금바위로
2290587404,내산길
2290605200,와석순환로172번길
2290334900,천정구로
2290582503,
2290692400,감악산로
2290212101,
2290046101,
2290694700,교하로
2290176701,직지길
2290697300,노을빛로
2290699200,심학산로
2290160000,풍뎅이길
2290091600,율곡로
2290015201,기산로
2290311100,와석순환로
2290688100,
2290589304,동패로
2290286001,
2290275712,월롱산로
2290636300,
2290179602,문발로
2290092103,율곡로
2290620600,
2290586502,
2290637001,
2290295004,한빛로
2290700700,심학산로
2290336306,
2290076900,오색나비길
2290256001,숲속노을로
2290098401,오색나비길
2290140901,경의로
2290053700,법원로
2290247900,회동길
2290578504,문현말길
2290038102,청송로
2290672901,청석로
2290615501,
2290062601,
2290459901,
2290023034,혜음로
2290034009,통일로
2290647600,갈곡터널
2290608802,
2290189401,
2290616600,
2290348401,
2290097100,
2290628007,풀무골로
2290650401,
2290572700,파주로
2290685500,
2290128101,
2290592100,
2290063401,천정구로
2290226400,광인사길
2290269100,엘지로
2290679400,
2290110300,문산로40번길
2290204301,문발로
2290061608,자운서원로
2290053901,자운서원로
2290616900,
2290278900,
2290443100,등원로
2290451603,교하로
2290170200,자유로
2290647400,파주로
2290054403,
2290197404,도감로
2290005104,명봉산로
2290018926,방촌로
2290675000,
2290116002,충의로
2290166101,
2290199524,장지산로
2290235304,아동로
2290112102,가나무로
2290090416,자장로
2290591503,
2290677700,
2290204300,문발로
2290243701,
2290581302,
2290032600,장승배기로
2290660902,부흥로
2290322300,문향로
2290141900,
2290107500,
2290642000,
2290209603,심궁로
2290591701,회동길
2290604002,책향기로
2290702400,심학산로
2290462400,감악산로
2290451902,교하로
2290024214,통일로
2290193401,사임당로
2290094400,쇠재로
2290080006,엘지로
2290336002,당동2로
2290151802,화석정로
2290065801,율곡로
2290327000,휴암로
2290581202,사임당로907번길
2290033902,율곡로
2290189601,
2290286311,배머리길
2290131701,
2290232701,책향기숲길
2290039401,청송로
2290620000,
2290269001,엘씨디로
2290014014,등원로
2290194900,안개초길
2290206402,
2290064400,율곡로
2290060100,마정로
2290595500,
2290326809,휴암로
2290015104,영장2교
2290572115,율곡로
2290204200,
2290038438,청송로
2290592602,회동길
2290190002,
2290222900,
2290186700,
2290624903,웅지로
2290345500,파주로
2290029908,사임당로
2290452501,교하로
2290491401,
2290012104,통일로
2290042005,율곡로
2290171501,쇠재안길
2290628101,금월로
2290022927,
2290103601,
2290104500,평화로
2290628500,
2290575103,파주로
2290572102,율곡로
2290630400,신촌1로
2290061707,자운서원로
2290592702,
2290132600,새꽃로
2290495401,
2290333001,당동2로
2290211403,교하로
2290623001,
2290029806,사임당로
2290037407,만월로
2290325700,파주로
2290591100,문발로
2290015804,정문로
2290047000,책향기숲길
2290206901,
2290460202,
2290055210,만월로
2290156800,장승배기로
2290661902,문현말길
2290264107,월롱산로
2290346800,
2290006302,와동육교
2290303004,경의로
2290005802,파주로
2290039307,청송로
2290031803,통일로
2290152901,교하로
2290211801,
2290113602,금정28길
2290091000,솥뒤로
2290156200,술이홀로
2290263100,
2290079500,보광로
2290148503,교하로
2290011603,
2290152100,장승배기로
2290106208,시청로
2290078800,평화로
2290199401,장지산로
2290306501,와석순환로
2290098001,화합로
2290173301,
2290061604,자운서원로
2290077500,오색나비길
2290117001,청석로
2290120300,금빛로
2290191501,봉천로
2290583302,오금로
2290263600,
2290032502,오현로
2290024211,통일로
2290128906,보광로
2290658202,파주로
2290618102,월롱산단2길
2290694000,교하로
2290042001,
2290213500,안개초길
2290608606,
2290641602,회동길
2290645400,
2290493601,
2290452402,교하로
2290593300,유채꽃길
2290104902,후곡로
2290217300,하늘소로
2290294901,한빛로
2290021722,통일로
2290691200,
2290613501,
2290194800,안개초길
2290677300,
2290209304,심궁로
2290670804,술이홀로
2290249101,회동길
2290323500,솥뒤로
2290073500,가나무로
2290210202,동거리길
2290002701,통일로
2290051900,동산길
2290272701,헤이리로
2290048301,
2290615301,
2290047201,노을빛로
2290293503,
2290295302,미래로408번길
2290297100,
2290334300,당동1로
2290147800,평화로
2290639300,회동길
2290578302,
2290199611,장지산로
2290137600,
2290293403,한울로
2290034404,율곡로
2290453803,산내로
2290491601,
2290205401,
2290218301,
2290266605,새오리로
2290143300,누현길
2290146400,
2290025218,사임당로
2290197006,도감로
2290154009,교하로
2290630301,신촌1로
2290288704,운정역길
2290604400,책향기숲길
2290259202,
2290183700,법흥로
2290644002,
2290600401,
2290156301,술이홀로
2290347902,파주로
2290137901,충의로124번길
2290264105,월롱산로
2290019101,통일로
2290660701,부흥로
2290179000,
2290256400,숲속노을로
2290597301,내산길
2290588800,
2290073901,동산1길
2290203001,광인사길
2290056000,
2290580802,사임당로
2290115800,
2290032403,오현로
2290015903,자유로
2290315200,해솔로
2290025217,사임당로
2290130600,
2290082300,쇠재개울길
2290230100,책향기숲길
2290320500,남북로
2290458404,경의로
2290038511,청송로
2290024410,술이홀로
2290209303,심궁로
2290089100,
2290100820,운정로
2290070101,
2290013200,평화로
2290193707,방촌로
2290006601,파주로
2290640201,회동길
2290190602,송비말길
2290606000,동패로
2290010601,
2290192001,통일로
2290612202,
2290029706,사임당로
2290070200,책향기로
2290182201,평화로
2290021102,
2290001918,자유로
2290088100,
2290015803,정문로
2290642801,
2290242700,
2290003804,송비말길
2290631601,신촌3로
2290123501,참매미길
2290286301,사임당로
2290405806,책향기로
2290591900,
2290103902,한마음2길
2290620402,
2290700400,심학산로
2290127103,봉천로
2290655201,양지로
2290109500,통일로
2290348300,
2290012623,혜음로
2290655302,양지로
2290155401,
2290134303,새꽃로
2290031805,통일로
2290013806,
2290135602,한산로
2290270706,휴암로
2290058906,문향로
2290285507,구암로
2290495107,우계로
2290688600,
2290062201,장승배기로
2290217701,참매미길
2290691000,수도권제2순환고속도로
2290597000,
2290007201,
2290031908,통일로
2290592703,
2290635900,
2290193501,사임당로
2290043102,
2290100803,운정로
2290120800,금빛로
2290084500,쇠재1길
2290205100,회동길
2290169801,파주로
2290203701,직지길
2290083101,쇠재로
2290651901,
2290240034,검산로
2290046201,
2290621005,
2290038611,설마천로
2290019400,평화로
2290263500,
2290039411,청송로
2290670720,술이홀로
2290067200,금파교
2290346100,
2290038608,설마천로
2290671302,술이홀로
2290310801,책향기로
2290301601,미래로
2290104601,
2290286207,배머리길
2290261505,시청로
2290408908,금월로
2290347903,
2290590201,신촌로
2290016801,평화로
2290206000,
2290143400,경의로
2290646800,
2290676600,
2290197901,광탄천로
2290021826,통일로
2290061001,
2290062801,경의로
2290286508,얼음실로
2290134301,
2290333502,
2290272802,헤이리로
2290654901,숲속노을로
2290154010,교하로
2290572600,파주로
2290592301,회동길
2290663701,
2290579301,월롱산단길
2290116800,교하로
2290118102,
2290329801,
2290656401,청석로
2290188502,
2290311401,미래로408번길
2290225410,파발로
2290245801,유채꽃길
2290624908,웅지로
2290052801,번영로
2290114505,방촌로
2290637400,문발로
2290044100,공릉교
2290025212,사임당로
2290193201,우계로
2290674806,정문로
2290585603,
2290059103,봉미로
2290049603,지목로
2290248100,회동길
2290212100,
2290460110,가람로150번길
2290039219,청송로
2290313500,금바위로
2290280501,
2290109706,봉미로
2290032409,오현로
2290042401,금정로
2290452201,청암로17번길
2290199103,장지산로
2290160601,문향로
2290597800,가람로
2290608400,적성산단로
2290590601,신촌3로
2290082201,쇠재안길
2290237001,금정28길
2290681500,
2290689202,여울길
2290409500,
2290275300,엘씨디로
2290213000,책향기숲길
2290684400,
2290615500,
2290219402,만장산로
2290581701,윗가마울길
2290602301,와석순환로
2290023215,방촌로
2290348600,
2290064202,율곡로
2290049300,후곡로
2290253802,쇠재2길
2290025910,자유로
2290011504,파주로
2290213201,
2290232100,
2290351803,파발로
2290403801,교하로
2290315001,가람로
2290193605,통일로
2290280600,
2290127800,중앙로
2290168302,
2290015703,정문로
2290033608,임진각로
2290099502,법흥로
2290292102,동패로
2290120301,금빛로
2290121200,새꽃로
2290135301,
2290039507,청송로
2290186201,
2290272200,방촌로
2290297400,경의로
2290269200,엘지로
2290029400,통일로
2290266607,새오리로
2290275501,엘씨디로
2290005603,내산길
2290655401,숲속노을로
2290597002,
2290584904,
2290625101,
2290088400,중앙로
2290043900,
2290277000,청석로
2290005301,고봉로
2290224100,
2290061722,자운서원로
2290230301,
2290009000,장곡로
2290590100,신촌로
2290403300,
2290680400,
2290281804,술이홀로
2290231101,
2290138708,사목로
2290302400,미래로
2290124801,금빛로
2290150301,동거리길
2290266805,새오리로
2290459112,책향기로
2290308404,와석순환로
2290207600,
2290181600,문발로
2290454104,교하로
2290576401,적성산단로
2290460011,가람로150번길
2290604502,교하로329번길
2290133402,금정로
2290205800,
2290662501,방촌로
2290580901,
2290142300,충현로
2290199601,혜음로
2290038913,통일로
2290130100,한산로
2290072300,후곡로
2290242907,성동로
2290034101,통일로
2290029609,사임당로
2290097201,솥뒤로
2290258401,고봉로
2290606200,교하로307번길
2290038561,청송로
2290090600,율곡로
2290103001,
2290221800,숲속노을로
2290295002,한빛로
2290218502,
2290033703,자유로
2290652902,
2290043201,
2290233500,노을빛로
2290454000,교하로
2290671101,술이홀로
2290620400,
2290042328,어삼로
2290136100,엘지로
2290024005,우계로
2290672402,청석로
2290345901,
2290253501,쇠재안길
2290115200,당동2로
2290185200,
2290286302,파평산로
2290048201,
2290245001,유채꽃길
2290140605,율곡로
2290102500,천정구로
2290046800,
2290268200,
2290118002,교하로
2290580101,사임당로
2290657802,심학산로
2290108900,문산역로
2290237300,
2290049709,지목로
2290572216,동서로
2290641201,문예로
2290286209,배머리길
2290039310,청송로
2290054601,부흥로21번길
2290246900,책향기로
2290223802,숲속노을로
2290150000,
2290085801,경의로
2290057401,동산7길
2290266617,새오리로
2290641100,문예로
2290599602,
2290689501,
2290130502,
2290259105,내산길
2290596503,금정로
2290225503,
2290200601,문화로
2290007202,
2290620904,
2290241001,검산로
2290046301,책향기숲길
2290103002,
2290017001,법흥로
2290572702,파주로
2290025223,사임당로
2290281806,술이홀로
2290574303,파주로
2290459505,
2290661101,보광로
2290257800,능안로
2290008805,경의로
2290302001,와석순환로
2290019301,평화로
2290189901,
2290164726,소라지로
2290605402,적성산단로
2290632401,재두루미길
2290293200,한울로
2290307800,와석순환로
2290629102,교하로
2290043002,
2290298501,한빛로
2290284900,
2290038510,청송로
2290649001,수원문산고속도로
2290160303,
2380005812,어삼로
2290160304,
2290222800,
2290025404,술이홀로
2290661303,부흥로
2290185001,
2290601902,가람로
2290670207,파평산로
2290151700,장승배기로
2290273201,
2290214900,유채꽃길
2290025406,술이홀로
2290491402,
2290088302,중앙로
2290406902,금월로
2290257300,능안교
2290684300,
2290040223,구읍로
2290031907,통일로
2290583004,검바위길
2290274801,엘씨디로
2290007400,장곡로
2290320100,동서대로
2290213701,안개초길
2290265500,풍뎅이길
2290253400,쇠재안길
2290057300,동산8길
2290001910,자유로
2290293302,
2290132700,새꽃로
2290156608,봉서산로
2290597201,
2290285703,구암로
2290671001,술이홀로
2290254500,학령로
2290183803,약산로
2290614301,
2290704400,
2290150401,혜음로
2290151200,
2290113400,중앙로
2290037409,만월로
2290494201,
2290046601,책향기숲길
2290670913,술이홀로
2290313701,금바위로
2290589300,동패로
2290135901,
2290240401,검산로
2290063500,자운서원로
2290044809,초리골길
2290057800,동산길
2290117101,교하로
2290078601,사슴벌레로
2290281700,엘씨디로
2290189700,
2290032003,율곡로
2290180400,문발로
2290605101,
2290603204,
2290038606,설마천로
2290599600,
2290086200,
2290001807,명봉산로
2290689107,여울길
2290287600,
2290114404,봉미로
2290198906,진지로
2290693300,감악산로
2290669815,술이홀로
2290034104,통일로
2290329604,
2290062600,
2290320202,동서대로
2290672202,감악산로
2290287400,산남로
2290651301,수원문산고속도로
2290019300,평화로
2290333503,
2290181700,
2290312201,동패로
2290128909,보광로
2290117205,교하로
2290286309,배머리길
2290210003,만장산로
2290294601,한빛로
2290108501,문산역로
2290266807,새오리로
2290611201,
2290191201,봉천로
2290230800,
2290152400,장승배기로
2290572800,파주로
2290654101,
2290205501,
2290010103,통일로
2290154703,교하로
2290279001,
2290578800,
2290163501,문발로
2290582207,연풍로
2290016505,통일로
2290078400,평화로
2290090310,자장로
2290575013,화합로
2290318300,
2290262900,
2290602502,가람로
2290156716,봉서산로
2290188401,
2290276200,엘지로
2290253700,쇠재2길
2290665503,통일로
2290663302,파주로
2290687900,주라위길
2290496302,
2290110205,문산로40번길
2290235200,
2290053600,법원로
2290014024,등원로
2290168300,아동로
2290069302,유채꽃길
2290230001,
2290571909,동서로
2290144300,
2290495103,우계로
2290610901,
2290329803,
2290685100,
2290613401,
2290606902,
2290219400,만장산로
2290025403,술이홀로
2290131101,
2290590400,신촌3로
2290036302,
2290687600,주라위길
2290054900,개척교
2290083601,쇠재안길
2290062301,장승배기로
2290168901,파주로
2290318900,가람로
2290610500,
2290643602,
2290138605,당동1로
2290676700,
2290688000,
2290350100,술이홀로
2290493203,
2290112200,새꽃로
2290460005,가람로
2290232300,
2290609800,와석순환로172번길
2290154908,심학산로
2290243201,
2290279301,
2290629602,교하로
2290698400,
2290128905,보광로
2290280601,
2290703100,
2290653401,
2290021901,혜음로
2290040316,감악산로
2290627802,방촌로
2290114700,
2290024207,통일로
2290119200,금정2길
2290024404,술이홀로
2290303301,한빛지하차도
2290293601,와석순환로
2290039320,청송로
2290200000,
2290267100,
2290496902,
2290027008,
2290578101,
2290027107,우계로
2290592802,
2290192602,뇌조로
2290687300,
2290582106,연풍로
2290089303,고봉로
2290124800,금빛로
2290054800,개척교
2290200301,가나무로
2290653703,수원문산고속도로
2290016508,통일로
2290109703,봉미로
2290492301,
2290329400,
2290176601,직지길
2290032801,율곡로
2290253101,쇠재안길
2290297401,경의로
2290155701,문산역로
2290669802,술이홀로
2290225901,술이홀로
2290617901,만장산로
2290574800,
2290453102,
2290022922,혜음로
2290023101,한산로
2290236502,문화로
2290662003,
2290133000,금정로
2290138800,반구정로
2290038403,청송로
2290613902,사임당로
2290267400,
2290107100,문화로
2290155600,문산역로
2290701200,심학산로
2290041302,율곡로
2290144302,
2290602001,가람로
2290029607,사임당로
2290615002,
2290130402,
2290689208,여울길
2290627903,풀무골로
2290266625,새오리로
2290301102,미래로
2290206100,
2290032700,장승배기로
2290581600,
2290240003,검산로
2290141801,책향기숲길
2290058200,동산6길
2290024113,통일로
2290159100,사슴벌레로
2290219200,만장산로
2290055900,
2290411500,
2290201601,아동로
2290154906,심학산로
2290166100,
2290148300,방촌로
2290073301,가나무로
2290680300,
2290683600,
2290264801,
2290698600,노을빛로
2290694400,
2290373001,책향기로
2290210402,혜음로
2290023403,자유로
2290215700,유채꽃길
2290159001,사슴벌레로
2290213501,안개초길
2290261401,
2290261001,방촌로649번길
2290008100,
2290117202,교하로
2290006100,파주로
2290232400,
2290231600,
2290229702,책향기숲길
2290064100,율곡로
2290090401,자장로
2290351701,파발로
2290012525,혜음로
2290458801,와석순환로
2290037404,만월로
2290470802,숲속노을로
2290269904,
2290191600,중앙로
2290034507,율곡로
2290286204,배머리길
2290698000,
2290578308,
2290082701,쇠재개울길
2290249002,회동길
2290641102,문예로
2290114602,
2290296101,가온로
2290327801,서영로
2290145501,청석로
2290033701,자유로
2290184200,
2290240800,검산로
2290001803,명봉산로
2290020705,혜음로
2290022204,헤이리로
2290013901,등원로
2290251900,숲속노을로
2290372801,책향기로
2290054700,부흥로21번길
2290232002,
2290631100,신촌2로
2290154806,
2290021317,부흥로
2290670101,술이홀로
2290032410,오현로
2290063200,교하로
2290695700,교하로
2290058700,문향로
2290191500,중앙로
2290333802,당동2로
2290601401,
2290086000,평화로
2290220300,만장산로
2290279900,책향기숲길
2290168100,
2290329900,방촌로
2290294400,한빛로
2290013923,등원로
2290016900,평화로
2290248400,회동길
2290003705,고봉로
2290312702,가온로
2290228900,문발로
2290454001,교하로
2290214600,노을빛로
2290008900,장곡로
2290154110,
2290024603,
2290029910,사임당로
2290113201,동산8길
2290138801,통일로
2290640000,
2290323900,술이홀로
2290044708,초리골길
2290615001,
2290214601,노을빛로
2290012305,
2290052501,번영로
2290644801,
2290033607,자유로
2290599901,운정로
2290586500,
2290001907,자유로
2290219102,만장산로
2290001901,자유로
2290061720,자운서원로
2290199613,장지산로
2290321800,동서대로
2290346000,
2290462800,감악산로
2290571905,동서로
2290661009,보광로
2290033708,자유로
2290301100,미래로
2290325302,솥뒤로
2290174701,참매미길
2290595100,
2290240022,검산로
2290161702,문향로
2290272400,방촌로
2290610600,
2290111101,새꽃로
2290114200,문향로75번길
2290265101,하늘소로
2290001903,자유로
2290702700,운정중앙로
2290203400,평화누리 자전거길
2290607801,적성산단1로
2290144001,
2290221400,
2290323600,솥뒤로
2290624201,
2290266417,헤이리로
2290175100,참매미길
2290323201,솥뒤로
2290608301,적성산단로
2290027505,통일로
2290637500,문발로
2290196601,
2290107302,금정20길
2290271200,휴암로
2290659101,남북로
2290107403,
2290241501,평화로
2290090601,율곡로
2290315201,
2290266728,새오리로
2290405809,가온로
2290052901,
2290048601,자유로
2290608700,
2290169904,
2290288906,운정역길
2290645700,
2290226500,
2290023123,방촌로
2290244200,성동로
2290618000,만장산로
2290442800,파주로
2290589001,와석순환로
2290162100,문향로17번길
2290075201,금정3길
2290612902,탄현로
2290589901,
2290161802,문향로17번길
2290582302,
2290056400,동산5길
2290660502,방축2교차로
2290129001,만장산로
2290670201,파평산로
2290703600,운정지하차도
2290323403,솥뒤로
2290404501,
2290283005,
2290061704,자운서원로
2290461703,감악산로
2290672601,청석로
2290278802,
2290023905,우계로
2290572106,율곡로
2290131300,
2290076302,가나무로
2290703000,
2290636601,
2290625901,
2290270801,휴암로
2290326408,
2290001919,자유로
2290634600,
2290578402,
2290700000,
2290689700,수도권제2순환고속도로
2290068601,안개초길
2290037412,만월로
2290184701,헤이리로
2290138611,당동1로
2290176201,필승로
2290241403,검산로
2290244300,성동로
2290231001,
2290647001,통일로
2290088900,삼릉로
2290114603,문향로75번길
2290669301,통일로
2290273301,자유로
2290593400,유채꽃길
2290583602,
2290177600,문발로
2290458502,소리천로
2290268201,자유로
2290244800,유채꽃길
2290608201,적성산단로
2290409800,금월로
2290186900,
2290644001,
2290610700,
2290002021,자유로
2290054001,자운서원로
2290002008,자유로
2290606601,
2290164705,소라지로
2290183101,법흥로
2290594800,
2290011002,경의로
2290331401,방촌로
2290598900,
2290181105,
2290599200,
2290143100,천정구로
2290188100,
2290640701,
2290183801,필승로
2290103000,
2290133900,
2290323505,솥뒤로
2290108603,문산역로
2290248000,회동길
2290645402,
2290655802,숲속노을로
2290316401,가온로
2290150001,동거리길
2290120401,금빛로
2290107101,문화로
2290031410,
2290031804,통일로
2290336205,평화로
2290264300,사슴벌레로
2290590701,
2290020808,혜음로
2290110301,문산로40번길
2290013808,기산로
2290010801,
2290162300,문향로
2290090304,
2290057101,동산6길
2290011900,경의로
2290023421,자유로
2290645701,회동길
2290018228,
2290037003,율곡로
2290273000,필승로
2190108200,산남로
2290184801,
2290603202,
2290256700,대원로
2290606401,
2290243000,
2290087501,쇠재로
2290130300,
2290705400,
2290596201,
2290186400,
2290695400,교하로
2290139302,통일로
2290166800,경의로
2290270805,휴암로
2290093401,쇠재개울길
2290587603,
2290184101,풍뎅이길
2290090900,솥뒤로
2290691500,보광로
2290584900,
2290128608,홀작로
2290194200,신금촌교
2290692500,감악산로
2290030602,자유로
2290455104,
2290116400,교하로
2290638602,
2290012403,
2290303300,와석순환로
2290336601,
2290632101,
2290192508,뇌조로
2290038517,
2290274506,엘씨디로
2290590301,신촌1로
2290192504,뇌조로
2290111902,가나무로
2290679600,
2290034111,충의로
2290266642,새오리로
2290659301,해올로
2290138823,반구정로
2290286509,
2290134601,
2290214100,해바라기길
2290252701,노을빛로
2290574501,화합로
2290097001,
2290620101,
2290630100,신촌로
2290583203,
2290049720,지목로
2290228701,
2290266505,헤이리로
2290621902,
2290410901,엘지로
2290497100,
2290294602,한빛로
2290133601,
2290124000,참매미길
2290002702,
2290318100,미래로
2290595600,
2290130302,
2290633500,문발로
2290039216,청송로
2290266300,필승로
2290627701,갈현로
2290596601,문화로
2290188000,
2290589500,
2290210700,
2290110900,문산로
2290038719,설마천로
2290588900,
2290007403,장곡로
2290025803,자유로
2290039414,청송로
2290051101,
2290023031,혜음로
2290642600,문예로
2290195600,
2290013810,기산로
2290062502,화석정로
2290208202,
2290594306,대원로
2290604800,
2290226202,술이홀로
2290160600,
2290291902,동서대로
2290081702,보광로
2290150501,혜음로
2290284303,
2290051501,새꽃로
2290152301,율곡로
2290014020,파주로
2290407500,금월로
2290236601,문화로
2290587602,천정구로
2290055110,만월로
2290019801,홀작로
2290668101,통일로
2290146500,
2290292300,동패로
2290580200,
2290602000,
2290325401,서영로
2290104200,
2290217000,하늘소로
2290573600,
2290047601,안개초길
2290664603,통일로
2290652913,방촌로
2290106104,시청로
2290038703,설마천로
2290286510,얼음실로
2290288802,
2290183910,약산로
2290672304,감악산로
2290693400,
2290077900,평화로
2290133200,
2290027103,우계로
2290223301,
2290260601,자유로
2290156701,봉서산로
2290086701,새꽃로
2290574502,
2290164203,교하로
2290454004,교하로
2290267001,월롱산로
2290156101,
2290067002,청송로208번길
2290219503,보광로
2290040501,양연로
2290309000,경의로
2290114601,방촌로
2290267101,방촌로
2290665101,통일로
2290289700,운정역길
2290128501,홀작로
2290005204,명봉산로262번길
2290151703,장승배기로
2290587903,미래로
2290572001,동서로
2290609101,당동1로
2290232101,
2290187400,
2290173103,청석로
2290230000,
2290069400,유채꽃길
2290673202,
2290051701,새꽃로
2290058101,동산길
2290575206,파주로
2290594205,안능안길
2290636401,
2290079701,파평산로
2290038440,장마루로
2290052401,번영로
2290319800,
2290112201,새꽃로
2290605901,한울로
2290167402,경의로
2290201500,아동로
2290167000,경의로
2290064509,율곡로
2290172101,쇠재개울길
2290199905,보광로
2290603600,
2290602303,와석순환로
2290024203,통일로
2290611501,소리천로
2290054203,
2290208802,보광로
2290021707,통일로
2290253900,쇠재안길
2290192004,뇌조로
2290018236,
2290592202,
2290095200,율곡로
2290052201,번영로
2290019016,방촌로
2350009200,부흥로
2290023029,
2290639601,
2290665602,통일로
2290247402,회동길
2290673702,서영로
2290218700,
2290084001,쇠재1길
2290116005,충의로
2290615203,
2290118010,교하로
2290017503,등원로
2290216300,참매미길
2290104300,금정13길
2290409007,금월로
2290192503,뇌조로
2290090417,자장로
2290274101,
2290010901,경의로
2290051400,
2290017901,쇠장이길
2290135701,방촌로
2290055201,만월로
2290263101,
2290013801,기산로
2290303302,한빛지하차도
